date,ticker,trend
2020-10-11,AA,54
2020-10-18,AA,59
2020-10-25,AA,56
2020-11-01,AA,48
2020-11-08,AA,55
2020-11-15,AA,67
2020-11-22,AA,57
2020-11-29,AA,58
2020-12-06,AA,55
2020-12-13,AA,55
2020-12-20,AA,52
2020-12-27,AA,58
2021-01-03,AA,56
2021-01-10,AA,55
2021-01-17,AA,51
2021-01-24,AA,60
2021-01-31,AA,56
2021-02-07,AA,56
2021-02-14,AA,59
2021-02-21,AA,59
2021-02-28,AA,58
2021-03-07,AA,57
2021-03-14,AA,61
2021-03-21,AA,61
2021-03-28,AA,62
2021-04-04,AA,60
2021-04-11,AA,61
2021-04-18,AA,63
2021-04-25,AA,61
2021-05-02,AA,67
2021-05-09,AA,67
2021-05-16,AA,68
2021-05-23,AA,69
2021-05-30,AA,70
2021-06-06,AA,76
2021-06-13,AA,73
2021-06-20,AA,79
2021-06-27,AA,76
2021-07-04,AA,76
2021-07-11,AA,78
2021-07-18,AA,73
2021-07-25,AA,73
2021-08-01,AA,71
2021-08-08,AA,75
2021-08-15,AA,72
2021-08-22,AA,72
2021-08-29,AA,66
2021-09-05,AA,67
2021-09-12,AA,66
2021-09-19,AA,67
2021-09-26,AA,66
2021-10-03,AA,68
2021-10-10,AA,75
2021-10-17,AA,66
2021-10-24,AA,80
2021-10-31,AA,75
2021-11-07,AA,72
2021-11-14,AA,71
2021-11-21,AA,76
2021-11-28,AA,76
2021-12-05,AA,72
2021-12-12,AA,84
2021-12-19,AA,77
2021-12-26,AA,81
2022-01-02,AA,85
2022-01-09,AA,74
2022-01-16,AA,72
2022-01-23,AA,80
2022-01-30,AA,87
2022-02-06,AA,86
2022-02-13,AA,85
2022-02-20,AA,93
2022-02-27,AA,83
2022-03-06,AA,88
2022-03-13,AA,89
2022-03-20,AA,87
2022-03-27,AA,83
2022-04-03,AA,83
2022-04-10,AA,84
2022-04-17,AA,76
2022-04-24,AA,79
2022-05-01,AA,78
2022-05-08,AA,80
2022-05-15,AA,86
2022-05-22,AA,90
2022-05-29,AA,87
2022-06-05,AA,85
2022-06-12,AA,98
2022-06-19,AA,98
2022-06-26,AA,91
2022-07-03,AA,90
2022-07-10,AA,87
2022-07-17,AA,85
2022-07-24,AA,86
2022-07-31,AA,88
2022-08-07,AA,86
2022-08-14,AA,86
2022-08-21,AA,81
2022-08-28,AA,80
2022-09-04,AA,78
2022-09-11,AA,77
2022-09-18,AA,77
2022-09-25,AA,77
2022-10-02,AA,76
2022-10-09,AA,76
2022-10-16,AA,78
2022-10-23,AA,77
2022-10-30,AA,75
2022-11-06,AA,75
2022-11-13,AA,77
2022-11-20,AA,78
2022-11-27,AA,75
2022-12-04,AA,76
2022-12-11,AA,82
2022-12-18,AA,90
2022-12-25,AA,88
2023-01-01,AA,78
2023-01-08,AA,80
2023-01-15,AA,77
2023-01-22,AA,81
2023-01-29,AA,82
2023-02-05,AA,80
2023-02-12,AA,78
2023-02-19,AA,87
2023-02-26,AA,85
2023-03-05,AA,82
2023-03-12,AA,80
2023-03-19,AA,80
2023-03-26,AA,84
2023-04-02,AA,83
2023-04-09,AA,79
2023-04-16,AA,88
2023-04-23,AA,86
2023-04-30,AA,88
2023-05-07,AA,85
2023-05-14,AA,85
2023-05-21,AA,85
2023-05-28,AA,81
2023-06-04,AA,85
2023-06-11,AA,87
2023-06-18,AA,85
2023-06-25,AA,96
2023-07-02,AA,90
2023-07-09,AA,93
2023-07-16,AA,89
2023-07-23,AA,84
2023-07-30,AA,84
2023-08-06,AA,91
2023-08-13,AA,88
2023-08-20,AA,82
2023-08-27,AA,84
2023-09-03,AA,81
2023-09-10,AA,81
2023-09-17,AA,79
2023-09-24,AA,85
2023-10-01,AA,77
2023-10-08,AA,86
2023-10-15,AA,86
2023-10-22,AA,79
2023-10-29,AA,71
2023-11-05,AA,78
2023-11-12,AA,78
2023-11-19,AA,80
2023-11-26,AA,81
2023-12-03,AA,77
2023-12-10,AA,80
2023-12-17,AA,86
2023-12-24,AA,79
2023-12-31,AA,81
2024-01-07,AA,90
2024-01-14,AA,98
2024-01-21,AA,85
2024-01-28,AA,77
2024-02-04,AA,76
2024-02-11,AA,73
2024-02-18,AA,82
2024-02-25,AA,78
2024-03-03,AA,85
2024-03-10,AA,84
2024-03-17,AA,82
2024-03-24,AA,79
2024-03-31,AA,80
2024-04-07,AA,81
2024-04-14,AA,79
2024-04-21,AA,78
2024-04-28,AA,74
2024-05-05,AA,82
2024-05-12,AA,86
2024-05-19,AA,80
2024-05-26,AA,92
2024-06-02,AA,88
2024-06-09,AA,87
2024-06-16,AA,81
2024-06-23,AA,88
2024-06-30,AA,84
2024-07-07,AA,87
2024-07-14,AA,90
2024-07-21,AA,93
2024-07-28,AA,85
2024-08-04,AA,90
2024-08-11,AA,82
2024-08-18,AA,83
2024-08-25,AA,85
2024-09-01,AA,79
2024-09-08,AA,76
2024-09-15,AA,79
2024-09-22,AA,81
2024-09-29,AA,73
2024-10-06,AA,77
2024-10-13,AA,74
2024-10-20,AA,75
2024-10-27,AA,74
2024-11-03,AA,65
2024-11-10,AA,74
2024-11-17,AA,74
2024-11-24,AA,78
2024-12-01,AA,78
2024-12-08,AA,77
2024-12-15,AA,83
2024-12-22,AA,90
2024-12-29,AA,84
2025-01-05,AA,90
2025-01-12,AA,81
2025-01-19,AA,77
2025-01-26,AA,100
2025-02-02,AA,78
2025-02-09,AA,78
2025-02-16,AA,89
2025-02-23,AA,85
2025-03-02,AA,79
2025-03-09,AA,78
2025-03-16,AA,84
2025-03-23,AA,77
2025-03-30,AA,80
2025-04-06,AA,79
2025-04-13,AA,77
2025-04-20,AA,76
2025-04-27,AA,78
2025-05-04,AA,79
2025-05-11,AA,83
2025-05-18,AA,84
2025-05-25,AA,82
2025-06-01,AA,83
2025-06-08,AA,86
2025-06-15,AA,86
2025-06-22,AA,92
2025-06-29,AA,89
2025-07-06,AA,95
2025-07-13,AA,94
2025-07-20,AA,93
2025-07-27,AA,97
2025-08-03,AA,91
2025-08-10,AA,89
2025-08-17,AA,88
2025-08-24,AA,86
2025-08-31,AA,80
2025-09-07,AA,79
2025-09-14,AA,78
2025-09-21,AA,80
2025-09-28,AA,78
2025-10-05,AA,80
2025-10-12,AA,89
2020-10-11,AAL,29
2020-10-18,AAL,34
2020-10-25,AAL,31
2020-11-01,AAL,21
2020-11-08,AAL,44
2020-11-15,AAL,36
2020-11-22,AAL,39
2020-11-29,AAL,45
2020-12-06,AAL,50
2020-12-13,AAL,44
2020-12-20,AAL,36
2020-12-27,AAL,30
2021-01-03,AAL,31
2021-01-10,AAL,34
2021-01-17,AAL,26
2021-01-24,AAL,100
2021-01-31,AAL,48
2021-02-07,AAL,33
2021-02-14,AAL,28
2021-02-21,AAL,50
2021-02-28,AAL,38
2021-03-07,AAL,37
2021-03-14,AAL,43
2021-03-21,AAL,35
2021-03-28,AAL,28
2021-04-04,AAL,29
2021-04-11,AAL,27
2021-04-18,AAL,31
2021-04-25,AAL,27
2021-05-02,AAL,24
2021-05-09,AAL,23
2021-05-16,AAL,25
2021-05-23,AAL,25
2021-05-30,AAL,24
2021-06-06,AAL,21
2021-06-13,AAL,20
2021-06-20,AAL,22
2021-06-27,AAL,21
2021-07-04,AAL,18
2021-07-11,AAL,22
2021-07-18,AAL,26
2021-07-25,AAL,19
2021-08-01,AAL,20
2021-08-08,AAL,17
2021-08-15,AAL,20
2021-08-22,AAL,19
2021-08-29,AAL,14
2021-09-05,AAL,14
2021-09-12,AAL,15
2021-09-19,AAL,18
2021-09-26,AAL,17
2021-10-03,AAL,16
2021-10-10,AAL,15
2021-10-17,AAL,15
2021-10-24,AAL,15
2021-10-31,AAL,18
2021-11-07,AAL,16
2021-11-14,AAL,15
2021-11-21,AAL,15
2021-11-28,AAL,22
2021-12-05,AAL,20
2021-12-12,AAL,17
2021-12-19,AAL,16
2021-12-26,AAL,15
2022-01-02,AAL,16
2022-01-09,AAL,13
2022-01-16,AAL,14
2022-01-23,AAL,16
2022-01-30,AAL,15
2022-02-06,AAL,18
2022-02-13,AAL,17
2022-02-20,AAL,14
2022-02-27,AAL,16
2022-03-06,AAL,20
2022-03-13,AAL,19
2022-03-20,AAL,16
2022-03-27,AAL,16
2022-04-03,AAL,14
2022-04-10,AAL,14
2022-04-17,AAL,21
2022-04-24,AAL,14
2022-05-01,AAL,11
2022-05-08,AAL,13
2022-05-15,AAL,12
2022-05-22,AAL,12
2022-05-29,AAL,11
2022-06-05,AAL,12
2022-06-12,AAL,15
2022-06-19,AAL,12
2022-06-26,AAL,14
2022-07-03,AAL,11
2022-07-10,AAL,13
2022-07-17,AAL,15
2022-07-24,AAL,12
2022-07-31,AAL,12
2022-08-07,AAL,11
2022-08-14,AAL,11
2022-08-21,AAL,10
2022-08-28,AAL,9
2022-09-04,AAL,9
2022-09-11,AAL,9
2022-09-18,AAL,10
2022-09-25,AAL,10
2022-10-02,AAL,10
2022-10-09,AAL,10
2022-10-16,AAL,13
2022-10-23,AAL,10
2022-10-30,AAL,9
2022-11-06,AAL,8
2022-11-13,AAL,8
2022-11-20,AAL,7
2022-11-27,AAL,7
2022-12-04,AAL,8
2022-12-11,AAL,9
2022-12-18,AAL,8
2022-12-25,AAL,8
2023-01-01,AAL,7
2023-01-08,AAL,12
2023-01-15,AAL,11
2023-01-22,AAL,12
2023-01-29,AAL,10
2023-02-05,AAL,10
2023-02-12,AAL,9
2023-02-19,AAL,8
2023-02-26,AAL,8
2023-03-05,AAL,8
2023-03-12,AAL,9
2023-03-19,AAL,8
2023-03-26,AAL,8
2023-04-02,AAL,8
2023-04-09,AAL,12
2023-04-16,AAL,11
2023-04-23,AAL,11
2023-04-30,AAL,8
2023-05-07,AAL,10
2023-05-14,AAL,9
2023-05-21,AAL,9
2023-05-28,AAL,9
2023-06-04,AAL,10
2023-06-11,AAL,11
2023-06-18,AAL,8
2023-06-25,AAL,12
2023-07-02,AAL,9
2023-07-09,AAL,13
2023-07-16,AAL,14
2023-07-23,AAL,12
2023-07-30,AAL,9
2023-08-06,AAL,9
2023-08-13,AAL,8
2023-08-20,AAL,9
2023-08-27,AAL,7
2023-09-03,AAL,7
2023-09-10,AAL,8
2023-09-17,AAL,8
2023-09-24,AAL,8
2023-10-01,AAL,8
2023-10-08,AAL,9
2023-10-15,AAL,11
2023-10-22,AAL,8
2023-10-29,AAL,10
2023-11-05,AAL,9
2023-11-12,AAL,9
2023-11-19,AAL,8
2023-11-26,AAL,9
2023-12-03,AAL,11
2023-12-10,AAL,11
2023-12-17,AAL,9
2023-12-24,AAL,8
2023-12-31,AAL,8
2024-01-07,AAL,11
2024-01-14,AAL,9
2024-01-21,AAL,14
2024-01-28,AAL,11
2024-02-04,AAL,9
2024-02-11,AAL,8
2024-02-18,AAL,8
2024-02-25,AAL,8
2024-03-03,AAL,9
2024-03-10,AAL,8
2024-03-17,AAL,8
2024-03-24,AAL,7
2024-03-31,AAL,7
2024-04-07,AAL,8
2024-04-14,AAL,9
2024-04-21,AAL,10
2024-04-28,AAL,8
2024-05-05,AAL,8
2024-05-12,AAL,8
2024-05-19,AAL,8
2024-05-26,AAL,14
2024-06-02,AAL,12
2024-06-09,AAL,10
2024-06-16,AAL,9
2024-06-23,AAL,9
2024-06-30,AAL,9
2024-07-07,AAL,12
2024-07-14,AAL,13
2024-07-21,AAL,14
2024-07-28,AAL,11
2024-08-04,AAL,12
2024-08-11,AAL,9
2024-08-18,AAL,10
2024-08-25,AAL,9
2024-09-01,AAL,8
2024-09-08,AAL,9
2024-09-15,AAL,9
2024-09-22,AAL,9
2024-09-29,AAL,9
2024-10-06,AAL,9
2024-10-13,AAL,10
2024-10-20,AAL,11
2024-10-27,AAL,9
2024-11-03,AAL,9
2024-11-10,AAL,8
2024-11-17,AAL,8
2024-11-24,AAL,7
2024-12-01,AAL,11
2024-12-08,AAL,10
2024-12-15,AAL,8
2024-12-22,AAL,7
2024-12-29,AAL,7
2025-01-05,AAL,9
2025-01-12,AAL,9
2025-01-19,AAL,12
2025-01-26,AAL,14
2025-02-02,AAL,8
2025-02-09,AAL,8
2025-02-16,AAL,7
2025-02-23,AAL,8
2025-03-02,AAL,8
2025-03-09,AAL,12
2025-03-16,AAL,11
2025-03-23,AAL,9
2025-03-30,AAL,13
2025-04-06,AAL,16
2025-04-13,AAL,10
2025-04-20,AAL,13
2025-04-27,AAL,11
2025-05-04,AAL,10
2025-05-11,AAL,11
2025-05-18,AAL,9
2025-05-25,AAL,8
2025-06-01,AAL,8
2025-06-08,AAL,10
2025-06-15,AAL,8
2025-06-22,AAL,10
2025-06-29,AAL,8
2025-07-06,AAL,12
2025-07-13,AAL,11
2025-07-20,AAL,14
2025-07-27,AAL,11
2025-08-03,AAL,9
2025-08-10,AAL,10
2025-08-17,AAL,8
2025-08-24,AAL,9
2025-08-31,AAL,8
2025-09-07,AAL,8
2025-09-14,AAL,9
2025-09-21,AAL,8
2025-09-28,AAL,8
2025-10-05,AAL,9
2025-10-12,AAL,8
2020-10-11,AAN,46
2020-10-18,AAN,44
2020-10-25,AAN,44
2020-11-01,AAN,35
2020-11-08,AAN,39
2020-11-15,AAN,41
2020-11-22,AAN,40
2020-11-29,AAN,46
2020-12-06,AAN,42
2020-12-13,AAN,41
2020-12-20,AAN,37
2020-12-27,AAN,43
2021-01-03,AAN,38
2021-01-10,AAN,44
2021-01-17,AAN,42
2021-01-24,AAN,53
2021-01-31,AAN,51
2021-02-07,AAN,49
2021-02-14,AAN,46
2021-02-21,AAN,43
2021-02-28,AAN,40
2021-03-07,AAN,40
2021-03-14,AAN,39
2021-03-21,AAN,41
2021-03-28,AAN,47
2021-04-04,AAN,47
2021-04-11,AAN,50
2021-04-18,AAN,58
2021-04-25,AAN,45
2021-05-02,AAN,43
2021-05-09,AAN,47
2021-05-16,AAN,46
2021-05-23,AAN,47
2021-05-30,AAN,46
2021-06-06,AAN,48
2021-06-13,AAN,45
2021-06-20,AAN,45
2021-06-27,AAN,48
2021-07-04,AAN,44
2021-07-11,AAN,45
2021-07-18,AAN,43
2021-07-25,AAN,46
2021-08-01,AAN,43
2021-08-08,AAN,48
2021-08-15,AAN,50
2021-08-22,AAN,47
2021-08-29,AAN,45
2021-09-05,AAN,49
2021-09-12,AAN,45
2021-09-19,AAN,44
2021-09-26,AAN,52
2021-10-03,AAN,50
2021-10-10,AAN,54
2021-10-17,AAN,50
2021-10-24,AAN,53
2021-10-31,AAN,49
2021-11-07,AAN,53
2021-11-14,AAN,48
2021-11-21,AAN,45
2021-11-28,AAN,43
2021-12-05,AAN,41
2021-12-12,AAN,42
2021-12-19,AAN,39
2021-12-26,AAN,37
2022-01-02,AAN,42
2022-01-09,AAN,38
2022-01-16,AAN,35
2022-01-23,AAN,34
2022-01-30,AAN,38
2022-02-06,AAN,40
2022-02-13,AAN,41
2022-02-20,AAN,37
2022-02-27,AAN,39
2022-03-06,AAN,40
2022-03-13,AAN,40
2022-03-20,AAN,40
2022-03-27,AAN,44
2022-04-03,AAN,48
2022-04-10,AAN,40
2022-04-17,AAN,38
2022-04-24,AAN,34
2022-05-01,AAN,35
2022-05-08,AAN,36
2022-05-15,AAN,33
2022-05-22,AAN,36
2022-05-29,AAN,35
2022-06-05,AAN,38
2022-06-12,AAN,41
2022-06-19,AAN,42
2022-06-26,AAN,38
2022-07-03,AAN,38
2022-07-10,AAN,42
2022-07-17,AAN,38
2022-07-24,AAN,39
2022-07-31,AAN,39
2022-08-07,AAN,39
2022-08-14,AAN,43
2022-08-21,AAN,35
2022-08-28,AAN,38
2022-09-04,AAN,37
2022-09-11,AAN,36
2022-09-18,AAN,36
2022-09-25,AAN,35
2022-10-02,AAN,38
2022-10-09,AAN,42
2022-10-16,AAN,39
2022-10-23,AAN,41
2022-10-30,AAN,35
2022-11-06,AAN,34
2022-11-13,AAN,35
2022-11-20,AAN,37
2022-11-27,AAN,32
2022-12-04,AAN,36
2022-12-11,AAN,38
2022-12-18,AAN,35
2022-12-25,AAN,36
2023-01-01,AAN,37
2023-01-08,AAN,41
2023-01-15,AAN,42
2023-01-22,AAN,44
2023-01-29,AAN,39
2023-02-05,AAN,39
2023-02-12,AAN,36
2023-02-19,AAN,41
2023-02-26,AAN,38
2023-03-05,AAN,39
2023-03-12,AAN,42
2023-03-19,AAN,40
2023-03-26,AAN,40
2023-04-02,AAN,44
2023-04-09,AAN,40
2023-04-16,AAN,58
2023-04-23,AAN,59
2023-04-30,AAN,40
2023-05-07,AAN,42
2023-05-14,AAN,42
2023-05-21,AAN,41
2023-05-28,AAN,41
2023-06-04,AAN,39
2023-06-11,AAN,41
2023-06-18,AAN,39
2023-06-25,AAN,40
2023-07-02,AAN,40
2023-07-09,AAN,42
2023-07-16,AAN,40
2023-07-23,AAN,60
2023-07-30,AAN,43
2023-08-06,AAN,42
2023-08-13,AAN,46
2023-08-20,AAN,43
2023-08-27,AAN,44
2023-09-03,AAN,47
2023-09-10,AAN,42
2023-09-17,AAN,53
2023-09-24,AAN,53
2023-10-01,AAN,44
2023-10-08,AAN,42
2023-10-15,AAN,46
2023-10-22,AAN,45
2023-10-29,AAN,44
2023-11-05,AAN,40
2023-11-12,AAN,37
2023-11-19,AAN,39
2023-11-26,AAN,37
2023-12-03,AAN,38
2023-12-10,AAN,42
2023-12-17,AAN,39
2023-12-24,AAN,46
2023-12-31,AAN,44
2024-01-07,AAN,46
2024-01-14,AAN,45
2024-01-21,AAN,46
2024-01-28,AAN,48
2024-02-04,AAN,46
2024-02-11,AAN,42
2024-02-18,AAN,45
2024-02-25,AAN,49
2024-03-03,AAN,48
2024-03-10,AAN,46
2024-03-17,AAN,45
2024-03-24,AAN,48
2024-03-31,AAN,51
2024-04-07,AAN,59
2024-04-14,AAN,60
2024-04-21,AAN,45
2024-04-28,AAN,43
2024-05-05,AAN,46
2024-05-12,AAN,43
2024-05-19,AAN,43
2024-05-26,AAN,41
2024-06-02,AAN,41
2024-06-09,AAN,44
2024-06-16,AAN,48
2024-06-23,AAN,48
2024-06-30,AAN,42
2024-07-07,AAN,42
2024-07-14,AAN,47
2024-07-21,AAN,51
2024-07-28,AAN,48
2024-08-04,AAN,44
2024-08-11,AAN,42
2024-08-18,AAN,49
2024-08-25,AAN,45
2024-09-01,AAN,43
2024-09-08,AAN,42
2024-09-15,AAN,49
2024-09-22,AAN,44
2024-09-29,AAN,47
2024-10-06,AAN,47
2024-10-13,AAN,47
2024-10-20,AAN,55
2024-10-27,AAN,43
2024-11-03,AAN,43
2024-11-10,AAN,45
2024-11-17,AAN,48
2024-11-24,AAN,42
2024-12-01,AAN,44
2024-12-08,AAN,46
2024-12-15,AAN,45
2024-12-22,AAN,46
2024-12-29,AAN,47
2025-01-05,AAN,52
2025-01-12,AAN,55
2025-01-19,AAN,55
2025-01-26,AAN,48
2025-02-02,AAN,48
2025-02-09,AAN,49
2025-02-16,AAN,53
2025-02-23,AAN,55
2025-03-02,AAN,58
2025-03-09,AAN,51
2025-03-16,AAN,49
2025-03-23,AAN,59
2025-03-30,AAN,68
2025-04-06,AAN,66
2025-04-13,AAN,57
2025-04-20,AAN,57
2025-04-27,AAN,59
2025-05-04,AAN,65
2025-05-11,AAN,65
2025-05-18,AAN,51
2025-05-25,AAN,48
2025-06-01,AAN,48
2025-06-08,AAN,59
2025-06-15,AAN,61
2025-06-22,AAN,64
2025-06-29,AAN,49
2025-07-06,AAN,46
2025-07-13,AAN,60
2025-07-20,AAN,72
2025-07-27,AAN,100
2025-08-03,AAN,52
2025-08-10,AAN,48
2025-08-17,AAN,39
2025-08-24,AAN,40
2025-08-31,AAN,41
2025-09-07,AAN,40
2025-09-14,AAN,45
2025-09-21,AAN,44
2025-09-28,AAN,41
2025-10-05,AAN,44
2025-10-12,AAN,52
2020-10-11,AAOI,25
2020-10-18,AAOI,27
2020-10-25,AAOI,32
2020-11-01,AAOI,43
2020-11-08,AAOI,38
2020-11-15,AAOI,26
2020-11-22,AAOI,30
2020-11-29,AAOI,18
2020-12-06,AAOI,25
2020-12-13,AAOI,24
2020-12-20,AAOI,25
2020-12-27,AAOI,20
2021-01-03,AAOI,27
2021-01-10,AAOI,27
2021-01-17,AAOI,35
2021-01-24,AAOI,38
2021-01-31,AAOI,31
2021-02-07,AAOI,38
2021-02-14,AAOI,18
2021-02-21,AAOI,41
2021-02-28,AAOI,28
2021-03-07,AAOI,30
2021-03-14,AAOI,21
2021-03-21,AAOI,22
2021-03-28,AAOI,15
2021-04-04,AAOI,22
2021-04-11,AAOI,20
2021-04-18,AAOI,21
2021-04-25,AAOI,21
2021-05-02,AAOI,27
2021-05-09,AAOI,15
2021-05-16,AAOI,0
2021-05-23,AAOI,17
2021-05-30,AAOI,22
2021-06-06,AAOI,21
2021-06-13,AAOI,0
2021-06-20,AAOI,22
2021-06-27,AAOI,19
2021-07-04,AAOI,0
2021-07-11,AAOI,0
2021-07-18,AAOI,13
2021-07-25,AAOI,13
2021-08-01,AAOI,0
2021-08-08,AAOI,20
2021-08-15,AAOI,14
2021-08-22,AAOI,18
2021-08-29,AAOI,17
2021-09-05,AAOI,0
2021-09-12,AAOI,0
2021-09-19,AAOI,0
2021-09-26,AAOI,0
2021-10-03,AAOI,0
2021-10-10,AAOI,16
2021-10-17,AAOI,0
2021-10-24,AAOI,0
2021-10-31,AAOI,37
2021-11-07,AAOI,25
2021-11-14,AAOI,13
2021-11-21,AAOI,17
2021-11-28,AAOI,12
2021-12-05,AAOI,18
2021-12-12,AAOI,15
2021-12-19,AAOI,0
2021-12-26,AAOI,0
2022-01-02,AAOI,19
2022-01-09,AAOI,0
2022-01-16,AAOI,16
2022-01-23,AAOI,25
2022-01-30,AAOI,16
2022-02-06,AAOI,0
2022-02-13,AAOI,13
2022-02-20,AAOI,12
2022-02-27,AAOI,15
2022-03-06,AAOI,15
2022-03-13,AAOI,18
2022-03-20,AAOI,0
2022-03-27,AAOI,0
2022-04-03,AAOI,0
2022-04-10,AAOI,0
2022-04-17,AAOI,15
2022-04-24,AAOI,0
2022-05-01,AAOI,18
2022-05-08,AAOI,10
2022-05-15,AAOI,0
2022-05-22,AAOI,0
2022-05-29,AAOI,11
2022-06-05,AAOI,14
2022-06-12,AAOI,18
2022-06-19,AAOI,0
2022-06-26,AAOI,14
2022-07-03,AAOI,0
2022-07-10,AAOI,12
2022-07-17,AAOI,0
2022-07-24,AAOI,0
2022-07-31,AAOI,17
2022-08-07,AAOI,26
2022-08-14,AAOI,22
2022-08-21,AAOI,17
2022-08-28,AAOI,12
2022-09-04,AAOI,0
2022-09-11,AAOI,49
2022-09-18,AAOI,34
2022-09-25,AAOI,18
2022-10-02,AAOI,13
2022-10-09,AAOI,0
2022-10-16,AAOI,0
2022-10-23,AAOI,0
2022-10-30,AAOI,16
2022-11-06,AAOI,0
2022-11-13,AAOI,0
2022-11-20,AAOI,0
2022-11-27,AAOI,0
2022-12-04,AAOI,11
2022-12-11,AAOI,0
2022-12-18,AAOI,11
2022-12-25,AAOI,0
2023-01-01,AAOI,0
2023-01-08,AAOI,0
2023-01-15,AAOI,0
2023-01-22,AAOI,0
2023-01-29,AAOI,16
2023-02-05,AAOI,12
2023-02-12,AAOI,0
2023-02-19,AAOI,0
2023-02-26,AAOI,11
2023-03-05,AAOI,10
2023-03-12,AAOI,0
2023-03-19,AAOI,17
2023-03-26,AAOI,23
2023-04-02,AAOI,0
2023-04-09,AAOI,12
2023-04-16,AAOI,0
2023-04-23,AAOI,0
2023-04-30,AAOI,11
2023-05-07,AAOI,0
2023-05-14,AAOI,11
2023-05-21,AAOI,12
2023-05-28,AAOI,13
2023-06-04,AAOI,21
2023-06-11,AAOI,34
2023-06-18,AAOI,42
2023-06-25,AAOI,38
2023-07-02,AAOI,56
2023-07-09,AAOI,96
2023-07-16,AAOI,49
2023-07-23,AAOI,54
2023-07-30,AAOI,63
2023-08-06,AAOI,82
2023-08-13,AAOI,78
2023-08-20,AAOI,77
2023-08-27,AAOI,41
2023-09-03,AAOI,39
2023-09-10,AAOI,47
2023-09-17,AAOI,41
2023-09-24,AAOI,31
2023-10-01,AAOI,37
2023-10-08,AAOI,39
2023-10-15,AAOI,24
2023-10-22,AAOI,25
2023-10-29,AAOI,26
2023-11-05,AAOI,35
2023-11-12,AAOI,31
2023-11-19,AAOI,30
2023-11-26,AAOI,35
2023-12-03,AAOI,50
2023-12-10,AAOI,71
2023-12-17,AAOI,47
2023-12-24,AAOI,40
2023-12-31,AAOI,36
2024-01-07,AAOI,40
2024-01-14,AAOI,39
2024-01-21,AAOI,47
2024-01-28,AAOI,40
2024-02-04,AAOI,43
2024-02-11,AAOI,54
2024-02-18,AAOI,100
2024-02-25,AAOI,71
2024-03-03,AAOI,34
2024-03-10,AAOI,45
2024-03-17,AAOI,23
2024-03-24,AAOI,17
2024-03-31,AAOI,19
2024-04-07,AAOI,19
2024-04-14,AAOI,23
2024-04-21,AAOI,31
2024-04-28,AAOI,0
2024-05-05,AAOI,42
2024-05-12,AAOI,26
2024-05-19,AAOI,25
2024-05-26,AAOI,19
2024-06-02,AAOI,25
2024-06-09,AAOI,21
2024-06-16,AAOI,22
2024-06-23,AAOI,17
2024-06-30,AAOI,40
2024-07-07,AAOI,26
2024-07-14,AAOI,28
2024-07-21,AAOI,25
2024-07-28,AAOI,28
2024-08-04,AAOI,40
2024-08-11,AAOI,32
2024-08-18,AAOI,19
2024-08-25,AAOI,24
2024-09-01,AAOI,26
2024-09-08,AAOI,38
2024-09-15,AAOI,21
2024-09-22,AAOI,23
2024-09-29,AAOI,20
2024-10-06,AAOI,24
2024-10-13,AAOI,39
2024-10-20,AAOI,13
2024-10-27,AAOI,22
2024-11-03,AAOI,59
2024-11-10,AAOI,41
2024-11-17,AAOI,64
2024-11-24,AAOI,52
2024-12-01,AAOI,69
2024-12-08,AAOI,72
2024-12-15,AAOI,48
2024-12-22,AAOI,37
2024-12-29,AAOI,24
2025-01-05,AAOI,26
2025-01-12,AAOI,27
2025-01-19,AAOI,28
2025-01-26,AAOI,37
2025-02-02,AAOI,47
2025-02-09,AAOI,44
2025-02-16,AAOI,21
2025-02-23,AAOI,63
2025-03-02,AAOI,28
2025-03-09,AAOI,97
2025-03-16,AAOI,64
2025-03-23,AAOI,27
2025-03-30,AAOI,35
2025-04-06,AAOI,56
2025-04-13,AAOI,41
2025-04-20,AAOI,34
2025-04-27,AAOI,35
2025-05-04,AAOI,40
2025-05-11,AAOI,51
2025-05-18,AAOI,34
2025-05-25,AAOI,34
2025-06-01,AAOI,35
2025-06-08,AAOI,46
2025-06-15,AAOI,64
2025-06-22,AAOI,78
2025-06-29,AAOI,30
2025-07-06,AAOI,41
2025-07-13,AAOI,48
2025-07-20,AAOI,54
2025-07-27,AAOI,62
2025-08-03,AAOI,73
2025-08-10,AAOI,39
2025-08-17,AAOI,56
2025-08-24,AAOI,47
2025-08-31,AAOI,38
2025-09-07,AAOI,51
2025-09-14,AAOI,54
2025-09-21,AAOI,61
2025-09-28,AAOI,45
2025-10-05,AAOI,61
2025-10-12,AAOI,45
2020-10-11,AAP,29
2020-10-18,AAP,31
2020-10-25,AAP,30
2020-11-01,AAP,26
2020-11-08,AAP,30
2020-11-15,AAP,31
2020-11-22,AAP,24
2020-11-29,AAP,29
2020-12-06,AAP,29
2020-12-13,AAP,28
2020-12-20,AAP,23
2020-12-27,AAP,25
2021-01-03,AAP,28
2021-01-10,AAP,31
2021-01-17,AAP,31
2021-01-24,AAP,34
2021-01-31,AAP,32
2021-02-07,AAP,31
2021-02-14,AAP,29
2021-02-21,AAP,31
2021-02-28,AAP,30
2021-03-07,AAP,29
2021-03-14,AAP,29
2021-03-21,AAP,30
2021-03-28,AAP,30
2021-04-04,AAP,33
2021-04-11,AAP,33
2021-04-18,AAP,32
2021-04-25,AAP,32
2021-05-02,AAP,29
2021-05-09,AAP,31
2021-05-16,AAP,32
2021-05-23,AAP,30
2021-05-30,AAP,30
2021-06-06,AAP,30
2021-06-13,AAP,30
2021-06-20,AAP,33
2021-06-27,AAP,30
2021-07-04,AAP,30
2021-07-11,AAP,33
2021-07-18,AAP,47
2021-07-25,AAP,34
2021-08-01,AAP,34
2021-08-08,AAP,38
2021-08-15,AAP,38
2021-08-22,AAP,37
2021-08-29,AAP,38
2021-09-05,AAP,35
2021-09-12,AAP,35
2021-09-19,AAP,34
2021-09-26,AAP,33
2021-10-03,AAP,37
2021-10-10,AAP,32
2021-10-17,AAP,32
2021-10-24,AAP,31
2021-10-31,AAP,36
2021-11-07,AAP,34
2021-11-14,AAP,33
2021-11-21,AAP,24
2021-11-28,AAP,30
2021-12-05,AAP,31
2021-12-12,AAP,30
2021-12-19,AAP,24
2021-12-26,AAP,27
2022-01-02,AAP,37
2022-01-09,AAP,38
2022-01-16,AAP,37
2022-01-23,AAP,39
2022-01-30,AAP,38
2022-02-06,AAP,40
2022-02-13,AAP,42
2022-02-20,AAP,39
2022-02-27,AAP,39
2022-03-06,AAP,51
2022-03-13,AAP,41
2022-03-20,AAP,39
2022-03-27,AAP,40
2022-04-03,AAP,39
2022-04-10,AAP,36
2022-04-17,AAP,37
2022-04-24,AAP,36
2022-05-01,AAP,35
2022-05-08,AAP,36
2022-05-15,AAP,40
2022-05-22,AAP,42
2022-05-29,AAP,35
2022-06-05,AAP,33
2022-06-12,AAP,33
2022-06-19,AAP,54
2022-06-26,AAP,61
2022-07-03,AAP,44
2022-07-10,AAP,40
2022-07-17,AAP,41
2022-07-24,AAP,36
2022-07-31,AAP,42
2022-08-07,AAP,41
2022-08-14,AAP,41
2022-08-21,AAP,44
2022-08-28,AAP,41
2022-09-04,AAP,39
2022-09-11,AAP,41
2022-09-18,AAP,41
2022-09-25,AAP,42
2022-10-02,AAP,44
2022-10-09,AAP,43
2022-10-16,AAP,40
2022-10-23,AAP,42
2022-10-30,AAP,39
2022-11-06,AAP,36
2022-11-13,AAP,40
2022-11-20,AAP,29
2022-11-27,AAP,40
2022-12-04,AAP,42
2022-12-11,AAP,38
2022-12-18,AAP,29
2022-12-25,AAP,30
2023-01-01,AAP,32
2023-01-08,AAP,41
2023-01-15,AAP,40
2023-01-22,AAP,41
2023-01-29,AAP,41
2023-02-05,AAP,42
2023-02-12,AAP,38
2023-02-19,AAP,37
2023-02-26,AAP,39
2023-03-05,AAP,38
2023-03-12,AAP,38
2023-03-19,AAP,39
2023-03-26,AAP,40
2023-04-02,AAP,38
2023-04-09,AAP,39
2023-04-16,AAP,36
2023-04-23,AAP,36
2023-04-30,AAP,37
2023-05-07,AAP,39
2023-05-14,AAP,36
2023-05-21,AAP,39
2023-05-28,AAP,53
2023-06-04,AAP,45
2023-06-11,AAP,46
2023-06-18,AAP,40
2023-06-25,AAP,43
2023-07-02,AAP,35
2023-07-09,AAP,43
2023-07-16,AAP,41
2023-07-23,AAP,42
2023-07-30,AAP,41
2023-08-06,AAP,42
2023-08-13,AAP,42
2023-08-20,AAP,45
2023-08-27,AAP,40
2023-09-03,AAP,39
2023-09-10,AAP,42
2023-09-17,AAP,40
2023-09-24,AAP,42
2023-10-01,AAP,45
2023-10-08,AAP,41
2023-10-15,AAP,47
2023-10-22,AAP,47
2023-10-29,AAP,41
2023-11-05,AAP,41
2023-11-12,AAP,46
2023-11-19,AAP,30
2023-11-26,AAP,35
2023-12-03,AAP,41
2023-12-10,AAP,40
2023-12-17,AAP,35
2023-12-24,AAP,30
2023-12-31,AAP,35
2024-01-07,AAP,40
2024-01-14,AAP,37
2024-01-21,AAP,43
2024-01-28,AAP,41
2024-02-04,AAP,43
2024-02-11,AAP,37
2024-02-18,AAP,42
2024-02-25,AAP,43
2024-03-03,AAP,41
2024-03-10,AAP,38
2024-03-17,AAP,44
2024-03-24,AAP,45
2024-03-31,AAP,44
2024-04-07,AAP,43
2024-04-14,AAP,42
2024-04-21,AAP,40
2024-04-28,AAP,41
2024-05-05,AAP,39
2024-05-12,AAP,39
2024-05-19,AAP,41
2024-05-26,AAP,39
2024-06-02,AAP,50
2024-06-09,AAP,42
2024-06-16,AAP,38
2024-06-23,AAP,42
2024-06-30,AAP,35
2024-07-07,AAP,38
2024-07-14,AAP,38
2024-07-21,AAP,39
2024-07-28,AAP,41
2024-08-04,AAP,39
2024-08-11,AAP,43
2024-08-18,AAP,47
2024-08-25,AAP,43
2024-09-01,AAP,40
2024-09-08,AAP,49
2024-09-15,AAP,45
2024-09-22,AAP,55
2024-09-29,AAP,49
2024-10-06,AAP,44
2024-10-13,AAP,42
2024-10-20,AAP,40
2024-10-27,AAP,40
2024-11-03,AAP,41
2024-11-10,AAP,47
2024-11-17,AAP,44
2024-11-24,AAP,32
2024-12-01,AAP,41
2024-12-08,AAP,40
2024-12-15,AAP,38
2024-12-22,AAP,28
2024-12-29,AAP,32
2025-01-05,AAP,39
2025-01-12,AAP,41
2025-01-19,AAP,37
2025-01-26,AAP,42
2025-02-02,AAP,47
2025-02-09,AAP,43
2025-02-16,AAP,42
2025-02-23,AAP,45
2025-03-02,AAP,43
2025-03-09,AAP,42
2025-03-16,AAP,42
2025-03-23,AAP,42
2025-03-30,AAP,43
2025-04-06,AAP,44
2025-04-13,AAP,41
2025-04-20,AAP,39
2025-04-27,AAP,44
2025-05-04,AAP,44
2025-05-11,AAP,39
2025-05-18,AAP,51
2025-05-25,AAP,42
2025-06-01,AAP,43
2025-06-08,AAP,46
2025-06-15,AAP,40
2025-06-22,AAP,61
2025-06-29,AAP,51
2025-07-06,AAP,73
2025-07-13,AAP,100
2025-07-20,AAP,88
2025-07-27,AAP,93
2025-08-03,AAP,53
2025-08-10,AAP,53
2025-08-17,AAP,60
2025-08-24,AAP,47
2025-08-31,AAP,49
2025-09-07,AAP,46
2025-09-14,AAP,47
2025-09-21,AAP,57
2025-09-28,AAP,52
2025-10-05,AAP,42
2025-10-12,AAP,42
2020-10-11,ABCL,0
2020-10-18,ABCL,0
2020-10-25,ABCL,0
2020-11-01,ABCL,0
2020-11-08,ABCL,0
2020-11-15,ABCL,0
2020-11-22,ABCL,3
2020-11-29,ABCL,0
2020-12-06,ABCL,100
2020-12-13,ABCL,36
2020-12-20,ABCL,20
2020-12-27,ABCL,21
2021-01-03,ABCL,14
2021-01-10,ABCL,17
2021-01-17,ABCL,11
2021-01-24,ABCL,11
2021-01-31,ABCL,9
2021-02-07,ABCL,15
2021-02-14,ABCL,10
2021-02-21,ABCL,13
2021-02-28,ABCL,13
2021-03-07,ABCL,14
2021-03-14,ABCL,11
2021-03-21,ABCL,12
2021-03-28,ABCL,34
2021-04-04,ABCL,24
2021-04-11,ABCL,15
2021-04-18,ABCL,11
2021-04-25,ABCL,13
2021-05-02,ABCL,15
2021-05-09,ABCL,13
2021-05-16,ABCL,11
2021-05-23,ABCL,14
2021-05-30,ABCL,13
2021-06-06,ABCL,16
2021-06-13,ABCL,16
2021-06-20,ABCL,24
2021-06-27,ABCL,21
2021-07-04,ABCL,19
2021-07-11,ABCL,22
2021-07-18,ABCL,16
2021-07-25,ABCL,17
2021-08-01,ABCL,22
2021-08-08,ABCL,30
2021-08-15,ABCL,18
2021-08-22,ABCL,16
2021-08-29,ABCL,13
2021-09-05,ABCL,19
2021-09-12,ABCL,48
2021-09-19,ABCL,32
2021-09-26,ABCL,26
2021-10-03,ABCL,18
2021-10-10,ABCL,18
2021-10-17,ABCL,15
2021-10-24,ABCL,17
2021-10-31,ABCL,16
2021-11-07,ABCL,24
2021-11-14,ABCL,19
2021-11-21,ABCL,12
2021-11-28,ABCL,15
2021-12-05,ABCL,17
2021-12-12,ABCL,17
2021-12-19,ABCL,12
2021-12-26,ABCL,14
2022-01-02,ABCL,10
2022-01-09,ABCL,15
2022-01-16,ABCL,12
2022-01-23,ABCL,16
2022-01-30,ABCL,12
2022-02-06,ABCL,14
2022-02-13,ABCL,11
2022-02-20,ABCL,14
2022-02-27,ABCL,12
2022-03-06,ABCL,11
2022-03-13,ABCL,10
2022-03-20,ABCL,11
2022-03-27,ABCL,9
2022-04-03,ABCL,8
2022-04-10,ABCL,7
2022-04-17,ABCL,8
2022-04-24,ABCL,10
2022-05-01,ABCL,8
2022-05-08,ABCL,14
2022-05-15,ABCL,14
2022-05-22,ABCL,10
2022-05-29,ABCL,6
2022-06-05,ABCL,10
2022-06-12,ABCL,12
2022-06-19,ABCL,8
2022-06-26,ABCL,11
2022-07-03,ABCL,8
2022-07-10,ABCL,13
2022-07-17,ABCL,7
2022-07-24,ABCL,9
2022-07-31,ABCL,13
2022-08-07,ABCL,20
2022-08-14,ABCL,11
2022-08-21,ABCL,12
2022-08-28,ABCL,7
2022-09-04,ABCL,7
2022-09-11,ABCL,8
2022-09-18,ABCL,8
2022-09-25,ABCL,6
2022-10-02,ABCL,7
2022-10-09,ABCL,7
2022-10-16,ABCL,6
2022-10-23,ABCL,9
2022-10-30,ABCL,7
2022-11-06,ABCL,11
2022-11-13,ABCL,11
2022-11-20,ABCL,8
2022-11-27,ABCL,11
2022-12-04,ABCL,7
2022-12-11,ABCL,7
2022-12-18,ABCL,6
2022-12-25,ABCL,6
2023-01-01,ABCL,6
2023-01-08,ABCL,7
2023-01-15,ABCL,4
2023-01-22,ABCL,6
2023-01-29,ABCL,7
2023-02-05,ABCL,8
2023-02-12,ABCL,9
2023-02-19,ABCL,11
2023-02-26,ABCL,6
2023-03-05,ABCL,6
2023-03-12,ABCL,7
2023-03-19,ABCL,8
2023-03-26,ABCL,6
2023-04-02,ABCL,5
2023-04-09,ABCL,4
2023-04-16,ABCL,6
2023-04-23,ABCL,5
2023-04-30,ABCL,8
2023-05-07,ABCL,8
2023-05-14,ABCL,8
2023-05-21,ABCL,11
2023-05-28,ABCL,6
2023-06-04,ABCL,11
2023-06-11,ABCL,11
2023-06-18,ABCL,7
2023-06-25,ABCL,12
2023-07-02,ABCL,8
2023-07-09,ABCL,11
2023-07-16,ABCL,11
2023-07-23,ABCL,10
2023-07-30,ABCL,14
2023-08-06,ABCL,9
2023-08-13,ABCL,9
2023-08-20,ABCL,11
2023-08-27,ABCL,9
2023-09-03,ABCL,6
2023-09-10,ABCL,9
2023-09-17,ABCL,10
2023-09-24,ABCL,11
2023-10-01,ABCL,6
2023-10-08,ABCL,7
2023-10-15,ABCL,8
2023-10-22,ABCL,7
2023-10-29,ABCL,10
2023-11-05,ABCL,10
2023-11-12,ABCL,11
2023-11-19,ABCL,6
2023-11-26,ABCL,7
2023-12-03,ABCL,12
2023-12-10,ABCL,10
2023-12-17,ABCL,10
2023-12-24,ABCL,8
2023-12-31,ABCL,8
2024-01-07,ABCL,7
2024-01-14,ABCL,19
2024-01-21,ABCL,11
2024-01-28,ABCL,8
2024-02-04,ABCL,11
2024-02-11,ABCL,11
2024-02-18,ABCL,14
2024-02-25,ABCL,10
2024-03-03,ABCL,9
2024-03-10,ABCL,10
2024-03-17,ABCL,7
2024-03-24,ABCL,7
2024-03-31,ABCL,6
2024-04-07,ABCL,6
2024-04-14,ABCL,5
2024-04-21,ABCL,4
2024-04-28,ABCL,7
2024-05-05,ABCL,8
2024-05-12,ABCL,11
2024-05-19,ABCL,9
2024-05-26,ABCL,9
2024-06-02,ABCL,5
2024-06-09,ABCL,7
2024-06-16,ABCL,9
2024-06-23,ABCL,5
2024-06-30,ABCL,6
2024-07-07,ABCL,6
2024-07-14,ABCL,7
2024-07-21,ABCL,8
2024-07-28,ABCL,6
2024-08-04,ABCL,11
2024-08-11,ABCL,8
2024-08-18,ABCL,9
2024-08-25,ABCL,9
2024-09-01,ABCL,5
2024-09-08,ABCL,9
2024-09-15,ABCL,9
2024-09-22,ABCL,9
2024-09-29,ABCL,8
2024-10-06,ABCL,6
2024-10-13,ABCL,8
2024-10-20,ABCL,9
2024-10-27,ABCL,8
2024-11-03,ABCL,7
2024-11-10,ABCL,7
2024-11-17,ABCL,7
2024-11-24,ABCL,5
2024-12-01,ABCL,10
2024-12-08,ABCL,7
2024-12-15,ABCL,5
2024-12-22,ABCL,9
2024-12-29,ABCL,9
2025-01-05,ABCL,10
2025-01-12,ABCL,9
2025-01-19,ABCL,10
2025-01-26,ABCL,6
2025-02-02,ABCL,7
2025-02-09,ABCL,6
2025-02-16,ABCL,10
2025-02-23,ABCL,10
2025-03-02,ABCL,8
2025-03-09,ABCL,9
2025-03-16,ABCL,5
2025-03-23,ABCL,9
2025-03-30,ABCL,7
2025-04-06,ABCL,8
2025-04-13,ABCL,7
2025-04-20,ABCL,7
2025-04-27,ABCL,5
2025-05-04,ABCL,10
2025-05-11,ABCL,8
2025-05-18,ABCL,7
2025-05-25,ABCL,5
2025-06-01,ABCL,15
2025-06-08,ABCL,33
2025-06-15,ABCL,17
2025-06-22,ABCL,26
2025-06-29,ABCL,12
2025-07-06,ABCL,21
2025-07-13,ABCL,34
2025-07-20,ABCL,41
2025-07-27,ABCL,28
2025-08-03,ABCL,33
2025-08-10,ABCL,27
2025-08-17,ABCL,13
2025-08-24,ABCL,11
2025-08-31,ABCL,18
2025-09-07,ABCL,15
2025-09-14,ABCL,17
2025-09-21,ABCL,21
2025-09-28,ABCL,31
2025-10-05,ABCL,22
2025-10-12,ABCL,17
2020-10-11,ABEO,45
2020-10-18,ABEO,46
2020-10-25,ABEO,48
2020-11-01,ABEO,37
2020-11-08,ABEO,53
2020-11-15,ABEO,51
2020-11-22,ABEO,53
2020-11-29,ABEO,63
2020-12-06,ABEO,52
2020-12-13,ABEO,50
2020-12-20,ABEO,38
2020-12-27,ABEO,47
2021-01-03,ABEO,51
2021-01-10,ABEO,55
2021-01-17,ABEO,55
2021-01-24,ABEO,55
2021-01-31,ABEO,68
2021-02-07,ABEO,100
2021-02-14,ABEO,80
2021-02-21,ABEO,90
2021-02-28,ABEO,74
2021-03-07,ABEO,69
2021-03-14,ABEO,64
2021-03-21,ABEO,65
2021-03-28,ABEO,56
2021-04-04,ABEO,56
2021-04-11,ABEO,54
2021-04-18,ABEO,62
2021-04-25,ABEO,53
2021-05-02,ABEO,67
2021-05-09,ABEO,56
2021-05-16,ABEO,61
2021-05-23,ABEO,57
2021-05-30,ABEO,61
2021-06-06,ABEO,63
2021-06-13,ABEO,57
2021-06-20,ABEO,51
2021-06-27,ABEO,52
2021-07-04,ABEO,48
2021-07-11,ABEO,49
2021-07-18,ABEO,52
2021-07-25,ABEO,58
2021-08-01,ABEO,46
2021-08-08,ABEO,43
2021-08-15,ABEO,46
2021-08-22,ABEO,45
2021-08-29,ABEO,46
2021-09-05,ABEO,35
2021-09-12,ABEO,50
2021-09-19,ABEO,45
2021-09-26,ABEO,45
2021-10-03,ABEO,40
2021-10-10,ABEO,37
2021-10-17,ABEO,42
2021-10-24,ABEO,38
2021-10-31,ABEO,43
2021-11-07,ABEO,43
2021-11-14,ABEO,40
2021-11-21,ABEO,40
2021-11-28,ABEO,43
2021-12-05,ABEO,41
2021-12-12,ABEO,44
2021-12-19,ABEO,46
2021-12-26,ABEO,46
2022-01-02,ABEO,48
2022-01-09,ABEO,43
2022-01-16,ABEO,36
2022-01-23,ABEO,46
2022-01-30,ABEO,41
2022-02-06,ABEO,45
2022-02-13,ABEO,43
2022-02-20,ABEO,41
2022-02-27,ABEO,42
2022-03-06,ABEO,66
2022-03-13,ABEO,56
2022-03-20,ABEO,52
2022-03-27,ABEO,55
2022-04-03,ABEO,54
2022-04-10,ABEO,47
2022-04-17,ABEO,39
2022-04-24,ABEO,47
2022-05-01,ABEO,49
2022-05-08,ABEO,49
2022-05-15,ABEO,56
2022-05-22,ABEO,54
2022-05-29,ABEO,46
2022-06-05,ABEO,47
2022-06-12,ABEO,48
2022-06-19,ABEO,46
2022-06-26,ABEO,50
2022-07-03,ABEO,51
2022-07-10,ABEO,45
2022-07-17,ABEO,44
2022-07-24,ABEO,44
2022-07-31,ABEO,39
2022-08-07,ABEO,41
2022-08-14,ABEO,37
2022-08-21,ABEO,42
2022-08-28,ABEO,38
2022-09-04,ABEO,30
2022-09-11,ABEO,40
2022-09-18,ABEO,35
2022-09-25,ABEO,35
2022-10-02,ABEO,35
2022-10-09,ABEO,43
2022-10-16,ABEO,35
2022-10-23,ABEO,34
2022-10-30,ABEO,41
2022-11-06,ABEO,40
2022-11-13,ABEO,37
2022-11-20,ABEO,36
2022-11-27,ABEO,39
2022-12-04,ABEO,41
2022-12-11,ABEO,35
2022-12-18,ABEO,31
2022-12-25,ABEO,30
2023-01-01,ABEO,31
2023-01-08,ABEO,34
2023-01-15,ABEO,33
2023-01-22,ABEO,38
2023-01-29,ABEO,36
2023-02-05,ABEO,35
2023-02-12,ABEO,35
2023-02-19,ABEO,39
2023-02-26,ABEO,40
2023-03-05,ABEO,39
2023-03-12,ABEO,42
2023-03-19,ABEO,47
2023-03-26,ABEO,46
2023-04-02,ABEO,44
2023-04-09,ABEO,48
2023-04-16,ABEO,53
2023-04-23,ABEO,54
2023-04-30,ABEO,51
2023-05-07,ABEO,54
2023-05-14,ABEO,48
2023-05-21,ABEO,47
2023-05-28,ABEO,46
2023-06-04,ABEO,51
2023-06-11,ABEO,54
2023-06-18,ABEO,58
2023-06-25,ABEO,58
2023-07-02,ABEO,50
2023-07-09,ABEO,48
2023-07-16,ABEO,46
2023-07-23,ABEO,41
2023-07-30,ABEO,41
2023-08-06,ABEO,41
2023-08-13,ABEO,36
2023-08-20,ABEO,35
2023-08-27,ABEO,33
2023-09-03,ABEO,40
2023-09-10,ABEO,32
2023-09-17,ABEO,31
2023-09-24,ABEO,39
2023-10-01,ABEO,38
2023-10-08,ABEO,32
2023-10-15,ABEO,32
2023-10-22,ABEO,30
2023-10-29,ABEO,34
2023-11-05,ABEO,34
2023-11-12,ABEO,30
2023-11-19,ABEO,35
2023-11-26,ABEO,33
2023-12-03,ABEO,34
2023-12-10,ABEO,33
2023-12-17,ABEO,35
2023-12-24,ABEO,29
2023-12-31,ABEO,33
2024-01-07,ABEO,34
2024-01-14,ABEO,33
2024-01-21,ABEO,35
2024-01-28,ABEO,30
2024-02-04,ABEO,38
2024-02-11,ABEO,39
2024-02-18,ABEO,41
2024-02-25,ABEO,45
2024-03-03,ABEO,44
2024-03-10,ABEO,39
2024-03-17,ABEO,42
2024-03-24,ABEO,38
2024-03-31,ABEO,38
2024-04-07,ABEO,40
2024-04-14,ABEO,47
2024-04-21,ABEO,49
2024-04-28,ABEO,48
2024-05-05,ABEO,40
2024-05-12,ABEO,51
2024-05-19,ABEO,48
2024-05-26,ABEO,45
2024-06-02,ABEO,40
2024-06-09,ABEO,37
2024-06-16,ABEO,41
2024-06-23,ABEO,42
2024-06-30,ABEO,37
2024-07-07,ABEO,44
2024-07-14,ABEO,40
2024-07-21,ABEO,33
2024-07-28,ABEO,37
2024-08-04,ABEO,37
2024-08-11,ABEO,39
2024-08-18,ABEO,38
2024-08-25,ABEO,39
2024-09-01,ABEO,36
2024-09-08,ABEO,34
2024-09-15,ABEO,38
2024-09-22,ABEO,37
2024-09-29,ABEO,36
2024-10-06,ABEO,38
2024-10-13,ABEO,36
2024-10-20,ABEO,32
2024-10-27,ABEO,36
2024-11-03,ABEO,36
2024-11-10,ABEO,41
2024-11-17,ABEO,37
2024-11-24,ABEO,46
2024-12-01,ABEO,45
2024-12-08,ABEO,41
2024-12-15,ABEO,37
2024-12-22,ABEO,30
2024-12-29,ABEO,27
2025-01-05,ABEO,33
2025-01-12,ABEO,35
2025-01-19,ABEO,34
2025-01-26,ABEO,41
2025-02-02,ABEO,34
2025-02-09,ABEO,32
2025-02-16,ABEO,33
2025-02-23,ABEO,38
2025-03-02,ABEO,41
2025-03-09,ABEO,39
2025-03-16,ABEO,41
2025-03-23,ABEO,34
2025-03-30,ABEO,42
2025-04-06,ABEO,42
2025-04-13,ABEO,33
2025-04-20,ABEO,50
2025-04-27,ABEO,66
2025-05-04,ABEO,39
2025-05-11,ABEO,45
2025-05-18,ABEO,43
2025-05-25,ABEO,45
2025-06-01,ABEO,43
2025-06-08,ABEO,40
2025-06-15,ABEO,42
2025-06-22,ABEO,41
2025-06-29,ABEO,39
2025-07-06,ABEO,36
2025-07-13,ABEO,39
2025-07-20,ABEO,39
2025-07-27,ABEO,41
2025-08-03,ABEO,43
2025-08-10,ABEO,47
2025-08-17,ABEO,44
2025-08-24,ABEO,41
2025-08-31,ABEO,44
2025-09-07,ABEO,40
2025-09-14,ABEO,46
2025-09-21,ABEO,43
2025-09-28,ABEO,38
2025-10-05,ABEO,38
2025-10-12,ABEO,34
2020-10-11,ABR,50
2020-10-18,ABR,51
2020-10-25,ABR,51
2020-11-01,ABR,47
2020-11-08,ABR,51
2020-11-15,ABR,51
2020-11-22,ABR,51
2020-11-29,ABR,54
2020-12-06,ABR,53
2020-12-13,ABR,50
2020-12-20,ABR,43
2020-12-27,ABR,40
2021-01-03,ABR,50
2021-01-10,ABR,52
2021-01-17,ABR,52
2021-01-24,ABR,51
2021-01-31,ABR,54
2021-02-07,ABR,51
2021-02-14,ABR,53
2021-02-21,ABR,54
2021-02-28,ABR,55
2021-03-07,ABR,54
2021-03-14,ABR,53
2021-03-21,ABR,57
2021-03-28,ABR,57
2021-04-04,ABR,64
2021-04-11,ABR,64
2021-04-18,ABR,66
2021-04-25,ABR,63
2021-05-02,ABR,55
2021-05-09,ABR,57
2021-05-16,ABR,58
2021-05-23,ABR,53
2021-05-30,ABR,59
2021-06-06,ABR,61
2021-06-13,ABR,57
2021-06-20,ABR,61
2021-06-27,ABR,55
2021-07-04,ABR,58
2021-07-11,ABR,56
2021-07-18,ABR,56
2021-07-25,ABR,54
2021-08-01,ABR,55
2021-08-08,ABR,52
2021-08-15,ABR,56
2021-08-22,ABR,55
2021-08-29,ABR,55
2021-09-05,ABR,55
2021-09-12,ABR,53
2021-09-19,ABR,51
2021-09-26,ABR,54
2021-10-03,ABR,53
2021-10-10,ABR,54
2021-10-17,ABR,52
2021-10-24,ABR,54
2021-10-31,ABR,52
2021-11-07,ABR,55
2021-11-14,ABR,55
2021-11-21,ABR,53
2021-11-28,ABR,54
2021-12-05,ABR,55
2021-12-12,ABR,55
2021-12-19,ABR,45
2021-12-26,ABR,42
2022-01-02,ABR,55
2022-01-09,ABR,63
2022-01-16,ABR,55
2022-01-23,ABR,60
2022-01-30,ABR,66
2022-02-06,ABR,64
2022-02-13,ABR,67
2022-02-20,ABR,59
2022-02-27,ABR,61
2022-03-06,ABR,58
2022-03-13,ABR,57
2022-03-20,ABR,58
2022-03-27,ABR,68
2022-04-03,ABR,66
2022-04-10,ABR,69
2022-04-17,ABR,61
2022-04-24,ABR,65
2022-05-01,ABR,57
2022-05-08,ABR,63
2022-05-15,ABR,59
2022-05-22,ABR,61
2022-05-29,ABR,59
2022-06-05,ABR,64
2022-06-12,ABR,64
2022-06-19,ABR,64
2022-06-26,ABR,64
2022-07-03,ABR,81
2022-07-10,ABR,64
2022-07-17,ABR,67
2022-07-24,ABR,61
2022-07-31,ABR,60
2022-08-07,ABR,57
2022-08-14,ABR,58
2022-08-21,ABR,58
2022-08-28,ABR,58
2022-09-04,ABR,55
2022-09-11,ABR,59
2022-09-18,ABR,57
2022-09-25,ABR,61
2022-10-02,ABR,61
2022-10-09,ABR,58
2022-10-16,ABR,62
2022-10-23,ABR,61
2022-10-30,ABR,60
2022-11-06,ABR,68
2022-11-13,ABR,63
2022-11-20,ABR,60
2022-11-27,ABR,59
2022-12-04,ABR,60
2022-12-11,ABR,62
2022-12-18,ABR,54
2022-12-25,ABR,47
2023-01-01,ABR,56
2023-01-08,ABR,60
2023-01-15,ABR,64
2023-01-22,ABR,62
2023-01-29,ABR,66
2023-02-05,ABR,63
2023-02-12,ABR,64
2023-02-19,ABR,64
2023-02-26,ABR,65
2023-03-05,ABR,69
2023-03-12,ABR,64
2023-03-19,ABR,67
2023-03-26,ABR,66
2023-04-02,ABR,69
2023-04-09,ABR,72
2023-04-16,ABR,74
2023-04-23,ABR,69
2023-04-30,ABR,66
2023-05-07,ABR,66
2023-05-14,ABR,73
2023-05-21,ABR,64
2023-05-28,ABR,71
2023-06-04,ABR,65
2023-06-11,ABR,73
2023-06-18,ABR,74
2023-06-25,ABR,67
2023-07-02,ABR,66
2023-07-09,ABR,68
2023-07-16,ABR,62
2023-07-23,ABR,63
2023-07-30,ABR,66
2023-08-06,ABR,69
2023-08-13,ABR,65
2023-08-20,ABR,61
2023-08-27,ABR,62
2023-09-03,ABR,59
2023-09-10,ABR,62
2023-09-17,ABR,65
2023-09-24,ABR,69
2023-10-01,ABR,65
2023-10-08,ABR,62
2023-10-15,ABR,67
2023-10-22,ABR,66
2023-10-29,ABR,68
2023-11-05,ABR,64
2023-11-12,ABR,66
2023-11-19,ABR,63
2023-11-26,ABR,68
2023-12-03,ABR,70
2023-12-10,ABR,63
2023-12-17,ABR,65
2023-12-24,ABR,51
2023-12-31,ABR,57
2024-01-07,ABR,63
2024-01-14,ABR,66
2024-01-21,ABR,75
2024-01-28,ABR,73
2024-02-04,ABR,77
2024-02-11,ABR,75
2024-02-18,ABR,77
2024-02-25,ABR,82
2024-03-03,ABR,73
2024-03-10,ABR,78
2024-03-17,ABR,75
2024-03-24,ABR,78
2024-03-31,ABR,88
2024-04-07,ABR,92
2024-04-14,ABR,90
2024-04-21,ABR,93
2024-04-28,ABR,80
2024-05-05,ABR,76
2024-05-12,ABR,78
2024-05-19,ABR,79
2024-05-26,ABR,81
2024-06-02,ABR,74
2024-06-09,ABR,86
2024-06-16,ABR,76
2024-06-23,ABR,80
2024-06-30,ABR,72
2024-07-07,ABR,74
2024-07-14,ABR,73
2024-07-21,ABR,70
2024-07-28,ABR,74
2024-08-04,ABR,67
2024-08-11,ABR,72
2024-08-18,ABR,69
2024-08-25,ABR,68
2024-09-01,ABR,75
2024-09-08,ABR,70
2024-09-15,ABR,73
2024-09-22,ABR,72
2024-09-29,ABR,68
2024-10-06,ABR,68
2024-10-13,ABR,71
2024-10-20,ABR,73
2024-10-27,ABR,75
2024-11-03,ABR,73
2024-11-10,ABR,71
2024-11-17,ABR,82
2024-11-24,ABR,77
2024-12-01,ABR,73
2024-12-08,ABR,81
2024-12-15,ABR,71
2024-12-22,ABR,57
2024-12-29,ABR,62
2025-01-05,ABR,80
2025-01-12,ABR,77
2025-01-19,ABR,86
2025-01-26,ABR,75
2025-02-02,ABR,73
2025-02-09,ABR,74
2025-02-16,ABR,77
2025-02-23,ABR,86
2025-03-02,ABR,76
2025-03-09,ABR,75
2025-03-16,ABR,84
2025-03-23,ABR,80
2025-03-30,ABR,90
2025-04-06,ABR,98
2025-04-13,ABR,93
2025-04-20,ABR,90
2025-04-27,ABR,85
2025-05-04,ABR,80
2025-05-11,ABR,81
2025-05-18,ABR,87
2025-05-25,ABR,76
2025-06-01,ABR,81
2025-06-08,ABR,78
2025-06-15,ABR,87
2025-06-22,ABR,87
2025-06-29,ABR,88
2025-07-06,ABR,82
2025-07-13,ABR,75
2025-07-20,ABR,82
2025-07-27,ABR,78
2025-08-03,ABR,92
2025-08-10,ABR,92
2025-08-17,ABR,100
2025-08-24,ABR,89
2025-08-31,ABR,90
2025-09-07,ABR,85
2025-09-14,ABR,80
2025-09-21,ABR,83
2025-09-28,ABR,77
2025-10-05,ABR,71
2025-10-12,ABR,77
2020-10-11,ABSI,19
2020-10-18,ABSI,22
2020-10-25,ABSI,18
2020-11-01,ABSI,16
2020-11-08,ABSI,14
2020-11-15,ABSI,15
2020-11-22,ABSI,14
2020-11-29,ABSI,16
2020-12-06,ABSI,17
2020-12-13,ABSI,17
2020-12-20,ABSI,12
2020-12-27,ABSI,12
2021-01-03,ABSI,18
2021-01-10,ABSI,20
2021-01-17,ABSI,19
2021-01-24,ABSI,19
2021-01-31,ABSI,17
2021-02-07,ABSI,15
2021-02-14,ABSI,19
2021-02-21,ABSI,17
2021-02-28,ABSI,11
2021-03-07,ABSI,17
2021-03-14,ABSI,16
2021-03-21,ABSI,13
2021-03-28,ABSI,19
2021-04-04,ABSI,17
2021-04-11,ABSI,21
2021-04-18,ABSI,17
2021-04-25,ABSI,20
2021-05-02,ABSI,14
2021-05-09,ABSI,17
2021-05-16,ABSI,18
2021-05-23,ABSI,14
2021-05-30,ABSI,18
2021-06-06,ABSI,15
2021-06-13,ABSI,14
2021-06-20,ABSI,61
2021-06-27,ABSI,21
2021-07-04,ABSI,13
2021-07-11,ABSI,15
2021-07-18,ABSI,24
2021-07-25,ABSI,22
2021-08-01,ABSI,22
2021-08-08,ABSI,21
2021-08-15,ABSI,22
2021-08-22,ABSI,17
2021-08-29,ABSI,17
2021-09-05,ABSI,19
2021-09-12,ABSI,20
2021-09-19,ABSI,18
2021-09-26,ABSI,15
2021-10-03,ABSI,19
2021-10-10,ABSI,19
2021-10-17,ABSI,17
2021-10-24,ABSI,13
2021-10-31,ABSI,16
2021-11-07,ABSI,20
2021-11-14,ABSI,19
2021-11-21,ABSI,16
2021-11-28,ABSI,17
2021-12-05,ABSI,14
2021-12-12,ABSI,18
2021-12-19,ABSI,15
2021-12-26,ABSI,16
2022-01-02,ABSI,39
2022-01-09,ABSI,27
2022-01-16,ABSI,14
2022-01-23,ABSI,20
2022-01-30,ABSI,28
2022-02-06,ABSI,25
2022-02-13,ABSI,20
2022-02-20,ABSI,22
2022-02-27,ABSI,17
2022-03-06,ABSI,21
2022-03-13,ABSI,26
2022-03-20,ABSI,17
2022-03-27,ABSI,19
2022-04-03,ABSI,19
2022-04-10,ABSI,22
2022-04-17,ABSI,17
2022-04-24,ABSI,17
2022-05-01,ABSI,24
2022-05-08,ABSI,19
2022-05-15,ABSI,14
2022-05-22,ABSI,24
2022-05-29,ABSI,19
2022-06-05,ABSI,21
2022-06-12,ABSI,18
2022-06-19,ABSI,20
2022-06-26,ABSI,19
2022-07-03,ABSI,16
2022-07-10,ABSI,19
2022-07-17,ABSI,18
2022-07-24,ABSI,18
2022-07-31,ABSI,17
2022-08-07,ABSI,25
2022-08-14,ABSI,23
2022-08-21,ABSI,16
2022-08-28,ABSI,17
2022-09-04,ABSI,21
2022-09-11,ABSI,18
2022-09-18,ABSI,17
2022-09-25,ABSI,19
2022-10-02,ABSI,19
2022-10-09,ABSI,21
2022-10-16,ABSI,20
2022-10-23,ABSI,20
2022-10-30,ABSI,17
2022-11-06,ABSI,18
2022-11-13,ABSI,30
2022-11-20,ABSI,30
2022-11-27,ABSI,20
2022-12-04,ABSI,26
2022-12-11,ABSI,26
2022-12-18,ABSI,15
2022-12-25,ABSI,16
2023-01-01,ABSI,20
2023-01-08,ABSI,23
2023-01-15,ABSI,23
2023-01-22,ABSI,22
2023-01-29,ABSI,19
2023-02-05,ABSI,21
2023-02-12,ABSI,20
2023-02-19,ABSI,34
2023-02-26,ABSI,37
2023-03-05,ABSI,24
2023-03-12,ABSI,20
2023-03-19,ABSI,18
2023-03-26,ABSI,21
2023-04-02,ABSI,14
2023-04-09,ABSI,22
2023-04-16,ABSI,19
2023-04-23,ABSI,21
2023-04-30,ABSI,21
2023-05-07,ABSI,19
2023-05-14,ABSI,23
2023-05-21,ABSI,23
2023-05-28,ABSI,24
2023-06-04,ABSI,24
2023-06-11,ABSI,20
2023-06-18,ABSI,21
2023-06-25,ABSI,24
2023-07-02,ABSI,22
2023-07-09,ABSI,27
2023-07-16,ABSI,24
2023-07-23,ABSI,19
2023-07-30,ABSI,25
2023-08-06,ABSI,27
2023-08-13,ABSI,20
2023-08-20,ABSI,22
2023-08-27,ABSI,23
2023-09-03,ABSI,23
2023-09-10,ABSI,24
2023-09-17,ABSI,19
2023-09-24,ABSI,19
2023-10-01,ABSI,20
2023-10-08,ABSI,21
2023-10-15,ABSI,19
2023-10-22,ABSI,20
2023-10-29,ABSI,22
2023-11-05,ABSI,21
2023-11-12,ABSI,19
2023-11-19,ABSI,15
2023-11-26,ABSI,22
2023-12-03,ABSI,28
2023-12-10,ABSI,27
2023-12-17,ABSI,29
2023-12-24,ABSI,32
2023-12-31,ABSI,27
2024-01-07,ABSI,33
2024-01-14,ABSI,29
2024-01-21,ABSI,33
2024-01-28,ABSI,32
2024-02-04,ABSI,31
2024-02-11,ABSI,33
2024-02-18,ABSI,30
2024-02-25,ABSI,38
2024-03-03,ABSI,40
2024-03-10,ABSI,34
2024-03-17,ABSI,26
2024-03-24,ABSI,29
2024-03-31,ABSI,27
2024-04-07,ABSI,36
2024-04-14,ABSI,28
2024-04-21,ABSI,29
2024-04-28,ABSI,22
2024-05-05,ABSI,38
2024-05-12,ABSI,29
2024-05-19,ABSI,25
2024-05-26,ABSI,26
2024-06-02,ABSI,23
2024-06-09,ABSI,36
2024-06-16,ABSI,30
2024-06-23,ABSI,31
2024-06-30,ABSI,24
2024-07-07,ABSI,35
2024-07-14,ABSI,30
2024-07-21,ABSI,27
2024-07-28,ABSI,29
2024-08-04,ABSI,29
2024-08-11,ABSI,34
2024-08-18,ABSI,33
2024-08-25,ABSI,29
2024-09-01,ABSI,28
2024-09-08,ABSI,28
2024-09-15,ABSI,34
2024-09-22,ABSI,34
2024-09-29,ABSI,26
2024-10-06,ABSI,34
2024-10-13,ABSI,38
2024-10-20,ABSI,35
2024-10-27,ABSI,34
2024-11-03,ABSI,34
2024-11-10,ABSI,36
2024-11-17,ABSI,37
2024-11-24,ABSI,49
2024-12-01,ABSI,46
2024-12-08,ABSI,50
2024-12-15,ABSI,46
2024-12-22,ABSI,37
2024-12-29,ABSI,32
2025-01-05,ABSI,63
2025-01-12,ABSI,58
2025-01-19,ABSI,71
2025-01-26,ABSI,58
2025-02-02,ABSI,64
2025-02-09,ABSI,100
2025-02-16,ABSI,84
2025-02-23,ABSI,59
2025-03-02,ABSI,69
2025-03-09,ABSI,70
2025-03-16,ABSI,66
2025-03-23,ABSI,59
2025-03-30,ABSI,41
2025-04-06,ABSI,43
2025-04-13,ABSI,39
2025-04-20,ABSI,42
2025-04-27,ABSI,39
2025-05-04,ABSI,32
2025-05-11,ABSI,46
2025-05-18,ABSI,40
2025-05-25,ABSI,38
2025-06-01,ABSI,39
2025-06-08,ABSI,48
2025-06-15,ABSI,56
2025-06-22,ABSI,55
2025-06-29,ABSI,56
2025-07-06,ABSI,63
2025-07-13,ABSI,56
2025-07-20,ABSI,81
2025-07-27,ABSI,74
2025-08-03,ABSI,74
2025-08-10,ABSI,91
2025-08-17,ABSI,66
2025-08-24,ABSI,75
2025-08-31,ABSI,61
2025-09-07,ABSI,76
2025-09-14,ABSI,68
2025-09-21,ABSI,79
2025-09-28,ABSI,76
2025-10-05,ABSI,56
2025-10-12,ABSI,58
2020-10-11,ABUS,53
2020-10-18,ABUS,52
2020-10-25,ABUS,51
2020-11-01,ABUS,55
2020-11-08,ABUS,53
2020-11-15,ABUS,56
2020-11-22,ABUS,60
2020-11-29,ABUS,58
2020-12-06,ABUS,50
2020-12-13,ABUS,55
2020-12-20,ABUS,51
2020-12-27,ABUS,57
2021-01-03,ABUS,53
2021-01-10,ABUS,50
2021-01-17,ABUS,51
2021-01-24,ABUS,56
2021-01-31,ABUS,55
2021-02-07,ABUS,54
2021-02-14,ABUS,55
2021-02-21,ABUS,63
2021-02-28,ABUS,62
2021-03-07,ABUS,73
2021-03-14,ABUS,60
2021-03-21,ABUS,63
2021-03-28,ABUS,63
2021-04-04,ABUS,61
2021-04-11,ABUS,66
2021-04-18,ABUS,63
2021-04-25,ABUS,66
2021-05-02,ABUS,62
2021-05-09,ABUS,59
2021-05-16,ABUS,63
2021-05-23,ABUS,58
2021-05-30,ABUS,56
2021-06-06,ABUS,58
2021-06-13,ABUS,60
2021-06-20,ABUS,54
2021-06-27,ABUS,56
2021-07-04,ABUS,57
2021-07-11,ABUS,53
2021-07-18,ABUS,58
2021-07-25,ABUS,53
2021-08-01,ABUS,57
2021-08-08,ABUS,56
2021-08-15,ABUS,53
2021-08-22,ABUS,54
2021-08-29,ABUS,51
2021-09-05,ABUS,55
2021-09-12,ABUS,57
2021-09-19,ABUS,54
2021-09-26,ABUS,52
2021-10-03,ABUS,53
2021-10-10,ABUS,52
2021-10-17,ABUS,51
2021-10-24,ABUS,49
2021-10-31,ABUS,50
2021-11-07,ABUS,55
2021-11-14,ABUS,53
2021-11-21,ABUS,52
2021-11-28,ABUS,60
2021-12-05,ABUS,49
2021-12-12,ABUS,51
2021-12-19,ABUS,46
2021-12-26,ABUS,43
2022-01-02,ABUS,56
2022-01-09,ABUS,52
2022-01-16,ABUS,49
2022-01-23,ABUS,51
2022-01-30,ABUS,54
2022-02-06,ABUS,55
2022-02-13,ABUS,56
2022-02-20,ABUS,55
2022-02-27,ABUS,60
2022-03-06,ABUS,61
2022-03-13,ABUS,66
2022-03-20,ABUS,70
2022-03-27,ABUS,69
2022-04-03,ABUS,67
2022-04-10,ABUS,65
2022-04-17,ABUS,66
2022-04-24,ABUS,66
2022-05-01,ABUS,72
2022-05-08,ABUS,69
2022-05-15,ABUS,64
2022-05-22,ABUS,61
2022-05-29,ABUS,64
2022-06-05,ABUS,62
2022-06-12,ABUS,59
2022-06-19,ABUS,62
2022-06-26,ABUS,64
2022-07-03,ABUS,62
2022-07-10,ABUS,66
2022-07-17,ABUS,55
2022-07-24,ABUS,61
2022-07-31,ABUS,56
2022-08-07,ABUS,60
2022-08-14,ABUS,56
2022-08-21,ABUS,59
2022-08-28,ABUS,69
2022-09-04,ABUS,60
2022-09-11,ABUS,54
2022-09-18,ABUS,50
2022-09-25,ABUS,50
2022-10-02,ABUS,49
2022-10-09,ABUS,53
2022-10-16,ABUS,49
2022-10-23,ABUS,52
2022-10-30,ABUS,49
2022-11-06,ABUS,53
2022-11-13,ABUS,48
2022-11-20,ABUS,50
2022-11-27,ABUS,49
2022-12-04,ABUS,47
2022-12-11,ABUS,47
2022-12-18,ABUS,44
2022-12-25,ABUS,42
2023-01-01,ABUS,47
2023-01-08,ABUS,50
2023-01-15,ABUS,51
2023-01-22,ABUS,54
2023-01-29,ABUS,50
2023-02-05,ABUS,52
2023-02-12,ABUS,50
2023-02-19,ABUS,56
2023-02-26,ABUS,54
2023-03-05,ABUS,58
2023-03-12,ABUS,56
2023-03-19,ABUS,59
2023-03-26,ABUS,61
2023-04-02,ABUS,55
2023-04-09,ABUS,58
2023-04-16,ABUS,70
2023-04-23,ABUS,68
2023-04-30,ABUS,63
2023-05-07,ABUS,65
2023-05-14,ABUS,61
2023-05-21,ABUS,66
2023-05-28,ABUS,66
2023-06-04,ABUS,64
2023-06-11,ABUS,64
2023-06-18,ABUS,65
2023-06-25,ABUS,96
2023-07-02,ABUS,99
2023-07-09,ABUS,71
2023-07-16,ABUS,68
2023-07-23,ABUS,70
2023-07-30,ABUS,63
2023-08-06,ABUS,65
2023-08-13,ABUS,66
2023-08-20,ABUS,65
2023-08-27,ABUS,65
2023-09-03,ABUS,64
2023-09-10,ABUS,67
2023-09-17,ABUS,66
2023-09-24,ABUS,64
2023-10-01,ABUS,61
2023-10-08,ABUS,61
2023-10-15,ABUS,54
2023-10-22,ABUS,53
2023-10-29,ABUS,59
2023-11-05,ABUS,68
2023-11-12,ABUS,59
2023-11-19,ABUS,65
2023-11-26,ABUS,53
2023-12-03,ABUS,52
2023-12-10,ABUS,49
2023-12-17,ABUS,49
2023-12-24,ABUS,47
2023-12-31,ABUS,49
2024-01-07,ABUS,52
2024-01-14,ABUS,57
2024-01-21,ABUS,54
2024-01-28,ABUS,55
2024-02-04,ABUS,60
2024-02-11,ABUS,59
2024-02-18,ABUS,65
2024-02-25,ABUS,67
2024-03-03,ABUS,71
2024-03-10,ABUS,69
2024-03-17,ABUS,77
2024-03-24,ABUS,71
2024-03-31,ABUS,67
2024-04-07,ABUS,79
2024-04-14,ABUS,81
2024-04-21,ABUS,71
2024-04-28,ABUS,76
2024-05-05,ABUS,72
2024-05-12,ABUS,83
2024-05-19,ABUS,76
2024-05-26,ABUS,73
2024-06-02,ABUS,82
2024-06-09,ABUS,73
2024-06-16,ABUS,69
2024-06-23,ABUS,68
2024-06-30,ABUS,70
2024-07-07,ABUS,74
2024-07-14,ABUS,70
2024-07-21,ABUS,69
2024-07-28,ABUS,64
2024-08-04,ABUS,68
2024-08-11,ABUS,67
2024-08-18,ABUS,69
2024-08-25,ABUS,69
2024-09-01,ABUS,74
2024-09-08,ABUS,72
2024-09-15,ABUS,66
2024-09-22,ABUS,67
2024-09-29,ABUS,64
2024-10-06,ABUS,67
2024-10-13,ABUS,64
2024-10-20,ABUS,75
2024-10-27,ABUS,60
2024-11-03,ABUS,55
2024-11-10,ABUS,64
2024-11-17,ABUS,65
2024-11-24,ABUS,66
2024-12-01,ABUS,61
2024-12-08,ABUS,59
2024-12-15,ABUS,58
2024-12-22,ABUS,47
2024-12-29,ABUS,53
2025-01-05,ABUS,59
2025-01-12,ABUS,59
2025-01-19,ABUS,58
2025-01-26,ABUS,59
2025-02-02,ABUS,59
2025-02-09,ABUS,57
2025-02-16,ABUS,63
2025-02-23,ABUS,61
2025-03-02,ABUS,75
2025-03-09,ABUS,73
2025-03-16,ABUS,76
2025-03-23,ABUS,81
2025-03-30,ABUS,80
2025-04-06,ABUS,84
2025-04-13,ABUS,76
2025-04-20,ABUS,90
2025-04-27,ABUS,93
2025-05-04,ABUS,80
2025-05-11,ABUS,78
2025-05-18,ABUS,80
2025-05-25,ABUS,71
2025-06-01,ABUS,76
2025-06-08,ABUS,73
2025-06-15,ABUS,71
2025-06-22,ABUS,75
2025-06-29,ABUS,77
2025-07-06,ABUS,85
2025-07-13,ABUS,82
2025-07-20,ABUS,81
2025-07-27,ABUS,88
2025-08-03,ABUS,91
2025-08-10,ABUS,99
2025-08-17,ABUS,97
2025-08-24,ABUS,97
2025-08-31,ABUS,100
2025-09-07,ABUS,97
2025-09-14,ABUS,89
2025-09-21,ABUS,85
2025-09-28,ABUS,83
2025-10-05,ABUS,81
2025-10-12,ABUS,68
2020-10-11,ACC,32
2020-10-18,ACC,35
2020-10-25,ACC,34
2020-11-01,ACC,30
2020-11-08,ACC,34
2020-11-15,ACC,32
2020-11-22,ACC,33
2020-11-29,ACC,35
2020-12-06,ACC,40
2020-12-13,ACC,38
2020-12-20,ACC,34
2020-12-27,ACC,33
2021-01-03,ACC,33
2021-01-10,ACC,32
2021-01-17,ACC,33
2021-01-24,ACC,33
2021-01-31,ACC,35
2021-02-07,ACC,33
2021-02-14,ACC,34
2021-02-21,ACC,36
2021-02-28,ACC,42
2021-03-07,ACC,75
2021-03-14,ACC,38
2021-03-21,ACC,32
2021-03-28,ACC,32
2021-04-04,ACC,30
2021-04-11,ACC,31
2021-04-18,ACC,31
2021-04-25,ACC,31
2021-05-02,ACC,31
2021-05-09,ACC,33
2021-05-16,ACC,33
2021-05-23,ACC,35
2021-05-30,ACC,32
2021-06-06,ACC,31
2021-06-13,ACC,31
2021-06-20,ACC,31
2021-06-27,ACC,31
2021-07-04,ACC,32
2021-07-11,ACC,33
2021-07-18,ACC,36
2021-07-25,ACC,35
2021-08-01,ACC,33
2021-08-08,ACC,34
2021-08-15,ACC,34
2021-08-22,ACC,35
2021-08-29,ACC,36
2021-09-05,ACC,38
2021-09-12,ACC,36
2021-09-19,ACC,35
2021-09-26,ACC,37
2021-10-03,ACC,36
2021-10-10,ACC,36
2021-10-17,ACC,36
2021-10-24,ACC,37
2021-10-31,ACC,40
2021-11-07,ACC,39
2021-11-14,ACC,40
2021-11-21,ACC,43
2021-11-28,ACC,48
2021-12-05,ACC,40
2021-12-12,ACC,35
2021-12-19,ACC,34
2021-12-26,ACC,37
2022-01-02,ACC,40
2022-01-09,ACC,39
2022-01-16,ACC,38
2022-01-23,ACC,42
2022-01-30,ACC,42
2022-02-06,ACC,43
2022-02-13,ACC,43
2022-02-20,ACC,43
2022-02-27,ACC,49
2022-03-06,ACC,85
2022-03-13,ACC,48
2022-03-20,ACC,42
2022-03-27,ACC,40
2022-04-03,ACC,39
2022-04-10,ACC,39
2022-04-17,ACC,39
2022-04-24,ACC,39
2022-05-01,ACC,38
2022-05-08,ACC,43
2022-05-15,ACC,44
2022-05-22,ACC,44
2022-05-29,ACC,39
2022-06-05,ACC,37
2022-06-12,ACC,37
2022-06-19,ACC,39
2022-06-26,ACC,39
2022-07-03,ACC,41
2022-07-10,ACC,38
2022-07-17,ACC,37
2022-07-24,ACC,38
2022-07-31,ACC,38
2022-08-07,ACC,37
2022-08-14,ACC,39
2022-08-21,ACC,40
2022-08-28,ACC,42
2022-09-04,ACC,40
2022-09-11,ACC,42
2022-09-18,ACC,43
2022-09-25,ACC,38
2022-10-02,ACC,40
2022-10-09,ACC,40
2022-10-16,ACC,39
2022-10-23,ACC,38
2022-10-30,ACC,40
2022-11-06,ACC,40
2022-11-13,ACC,43
2022-11-20,ACC,39
2022-11-27,ACC,46
2022-12-04,ACC,41
2022-12-11,ACC,40
2022-12-18,ACC,39
2022-12-25,ACC,41
2023-01-01,ACC,42
2023-01-08,ACC,42
2023-01-15,ACC,44
2023-01-22,ACC,45
2023-01-29,ACC,51
2023-02-05,ACC,48
2023-02-12,ACC,47
2023-02-19,ACC,49
2023-02-26,ACC,59
2023-03-05,ACC,94
2023-03-12,ACC,46
2023-03-19,ACC,41
2023-03-26,ACC,41
2023-04-02,ACC,38
2023-04-09,ACC,39
2023-04-16,ACC,46
2023-04-23,ACC,50
2023-04-30,ACC,44
2023-05-07,ACC,42
2023-05-14,ACC,40
2023-05-21,ACC,45
2023-05-28,ACC,41
2023-06-04,ACC,40
2023-06-11,ACC,41
2023-06-18,ACC,41
2023-06-25,ACC,39
2023-07-02,ACC,41
2023-07-09,ACC,51
2023-07-16,ACC,78
2023-07-23,ACC,65
2023-07-30,ACC,45
2023-08-06,ACC,47
2023-08-13,ACC,43
2023-08-20,ACC,44
2023-08-27,ACC,56
2023-09-03,ACC,51
2023-09-10,ACC,50
2023-09-17,ACC,41
2023-09-24,ACC,42
2023-10-01,ACC,39
2023-10-08,ACC,43
2023-10-15,ACC,43
2023-10-22,ACC,44
2023-10-29,ACC,43
2023-11-05,ACC,43
2023-11-12,ACC,44
2023-11-19,ACC,44
2023-11-26,ACC,54
2023-12-03,ACC,55
2023-12-10,ACC,49
2023-12-17,ACC,47
2023-12-24,ACC,44
2023-12-31,ACC,43
2024-01-07,ACC,43
2024-01-14,ACC,46
2024-01-21,ACC,49
2024-01-28,ACC,47
2024-02-04,ACC,49
2024-02-11,ACC,48
2024-02-18,ACC,48
2024-02-25,ACC,51
2024-03-03,ACC,57
2024-03-10,ACC,100
2024-03-17,ACC,60
2024-03-24,ACC,48
2024-03-31,ACC,48
2024-04-07,ACC,49
2024-04-14,ACC,58
2024-04-21,ACC,43
2024-04-28,ACC,44
2024-05-05,ACC,44
2024-05-12,ACC,42
2024-05-19,ACC,51
2024-05-26,ACC,43
2024-06-02,ACC,42
2024-06-09,ACC,42
2024-06-16,ACC,41
2024-06-23,ACC,41
2024-06-30,ACC,42
2024-07-07,ACC,44
2024-07-14,ACC,46
2024-07-21,ACC,46
2024-07-28,ACC,45
2024-08-04,ACC,42
2024-08-11,ACC,43
2024-08-18,ACC,44
2024-08-25,ACC,50
2024-09-01,ACC,48
2024-09-08,ACC,45
2024-09-15,ACC,46
2024-09-22,ACC,47
2024-09-29,ACC,45
2024-10-06,ACC,44
2024-10-13,ACC,52
2024-10-20,ACC,73
2024-10-27,ACC,48
2024-11-03,ACC,47
2024-11-10,ACC,49
2024-11-17,ACC,48
2024-11-24,ACC,53
2024-12-01,ACC,73
2024-12-08,ACC,58
2024-12-15,ACC,49
2024-12-22,ACC,44
2024-12-29,ACC,47
2025-01-05,ACC,51
2025-01-12,ACC,49
2025-01-19,ACC,52
2025-01-26,ACC,53
2025-02-02,ACC,56
2025-02-09,ACC,50
2025-02-16,ACC,50
2025-02-23,ACC,54
2025-03-02,ACC,64
2025-03-09,ACC,93
2025-03-16,ACC,57
2025-03-23,ACC,48
2025-03-30,ACC,47
2025-04-06,ACC,48
2025-04-13,ACC,43
2025-04-20,ACC,45
2025-04-27,ACC,47
2025-05-04,ACC,47
2025-05-11,ACC,50
2025-05-18,ACC,54
2025-05-25,ACC,45
2025-06-01,ACC,45
2025-06-08,ACC,44
2025-06-15,ACC,43
2025-06-22,ACC,46
2025-06-29,ACC,46
2025-07-06,ACC,47
2025-07-13,ACC,47
2025-07-20,ACC,50
2025-07-27,ACC,50
2025-08-03,ACC,55
2025-08-10,ACC,60
2025-08-17,ACC,62
2025-08-24,ACC,60
2025-08-31,ACC,64
2025-09-07,ACC,61
2025-09-14,ACC,60
2025-09-21,ACC,61
2025-09-28,ACC,63
2025-10-05,ACC,48
2025-10-12,ACC,49
