date,ticker,d2c,shorts,volume,close,trend
2020-06-30,AMC,2.82,17737420,6280921,41.7829,4.0
2020-07-15,AMC,4.4,16665023,3785508,45.9812,3.0
2020-07-31,AMC,5.78,17601239,3043253,40.3835,4.0
2020-08-14,AMC,2.28,16950844,7424764,55.3773,9.0
2020-08-31,AMC,1.94,17759866,9151188,62.9742,9.0
2020-09-15,AMC,2.18,21886971,10034960,57.8763,7.0
2020-09-30,AMC,6.85,21496546,3138249,48.78,7.0
2020-10-15,AMC,2.74,22321937,8150186,40.4834,11.0
2020-10-30,AMC,1.88,23890070,12731999,23.5903,8.0
2020-11-13,AMC,1.1,29260504,26487919,29.6879,9.0
2020-11-30,AMC,1.29,33513585,26002367,44.4818,7.0
2020-12-15,AMC,1.38,38083639,27613378,39.184,7.0
2020-12-31,AMC,1.88,38993059,20697894,21.1913,9.0
2021-01-15,AMC,1.21,44671962,37005590,23.2905,7.0
2021-01-29,AMC,1.0,37716302,390644584,132.5458,100.0
2021-02-12,AMC,1.0,48134561,191894754,55.8771,22.0
2021-02-26,AMC,1.0,55490440,170187693,80.0672,28.0
2021-03-15,AMC,1.0,49306459,103335355,111.5544,26.0
2021-03-31,AMC,1.0,73824070,85845893,102.3581,21.0
2021-04-15,AMC,2.06,93888195,45557607,94.1615,15.0
2021-04-30,AMC,2.35,87551755,37214815,100.259,17.0
2021-05-14,AMC,1.57,94577063,60170367,129.7469,20.0
2021-05-28,AMC,1.0,102303320,194737611,261.0932,49.0
2021-06-15,AMC,1.0,85076339,359533859,493.798,48.0
2021-06-30,AMC,1.0,75479862,142292531,540.3789,36.0
2021-07-15,AMC,1.0,79747897,99636441,461.7111,37.0
2021-07-30,AMC,1.0,85845513,98418632,370.0486,27.0
2021-08-13,AMC,1.21,92417118,76383750,334.5631,27.0
2021-08-31,AMC,1.0,95943759,105520739,408.233,24.0
2021-09-15,AMC,1.22,97130969,79573617,501.3948,21.0
2021-09-30,AMC,1.66,91042415,54969157,399.9364,23.0
2021-10-15,AMC,2.22,92239378,41512289,407.2334,26.0
2021-10-29,AMC,2.66,94637512,35552514,353.5553,21.0
2021-11-15,AMC,2.07,87462304,42178712,399.8364,22.0
2021-11-30,AMC,3.12,83406245,26730397,376.1461,26.0
2021-12-15,AMC,1.6,96700247,60336885,274.2878,35.0
2021-12-31,AMC,1.97,94750342,48096118,271.8888,35.0
2022-01-14,AMC,2.35,97034798,41324600,205.6159,18.0
2022-01-31,AMC,1.94,107800655,55478718,150.5384,16.0
2022-02-15,AMC,1.75,104191445,59536582,188.0231,20.0
2022-02-28,AMC,2.47,101327657,41096878,176.5278,24.0
2022-03-15,AMC,3.09,104488090,33841970,142.9415,22.0
2022-03-31,AMC,1.06,101419084,95444345,202.3172,23.0
2022-04-14,AMC,2.22,99746843,44886360,180.1263,21.0
2022-04-29,AMC,3.85,100632363,26133873,152.9374,18.0
2022-05-13,AMC,2.37,108869404,46011134,118.0517,22.0
2022-05-31,AMC,1.98,109829044,55341780,144.241,27.0
2022-06-15,AMC,2.98,113005857,37870463,124.2492,27.0
2022-06-30,AMC,2.51,101375089,40389287,124.649,30.0
2022-07-15,AMC,2.52,96155658,38218788,153.6371,28.0
2022-07-29,AMC,2.87,95091742,33099933,145.5404,23.0
2022-08-15,AMC,1.28,89152605,69383841,244.4,23.0
2022-08-31,AMC,1.81,102882941,56850037,91.7,28.0
2022-09-15,AMC,3.72,100011800,26913320,97.2,15.0
2022-09-30,AMC,3.89,98918241,25448389,69.7,17.0
2022-10-14,AMC,4.02,104360202,25956941,60.0,19.0
2022-10-31,AMC,5.23,101835976,19486818,65.1,16.0
2022-11-15,AMC,3.69,111534852,30217469,72.0,22.0
2022-11-30,AMC,4.45,100109744,22508104,75.1,15.0
2022-12-15,AMC,3.12,108487434,34743768,59.4,18.0
2022-12-30,AMC,4.08,113442490,27793689,40.7,29.0
2023-01-13,AMC,4.76,116364530,24449751,50.6,20.0
2023-01-31,AMC,3.49,118266052,33924264,55.1,17.0
2023-02-15,AMC,3.17,131637788,41570955,49.0,20.0
2023-02-28,AMC,2.0,125961266,62942093,62.0,20.0
2023-03-15,AMC,4.45,127209002,28580783,53.8,22.0
2023-03-31,AMC,5.0,138836691,27747225,50.1,20.0
2023-04-14,AMC,2.85,137465578,48170947,51.2,23.0
2023-04-28,AMC,7.58,134013830,17671690,55.0,18.0
2023-05-15,AMC,5.69,105904172,18627601,52.0,18.0
2023-05-31,AMC,8.77,116800869,13319845,46.4,31.0
2023-06-15,AMC,8.49,122085549,14378134,47.7,27.0
2023-06-30,AMC,7.33,148695965,20290947,44.0,23.0
2023-07-14,AMC,7.61,150001144,19705749,43.3,31.0
2023-07-31,AMC,2.5,137785569,55196616,46.4,36.0
2023-08-15,AMC,3.87,150955613,38997724,52.6,24.0
2023-08-31,AMC,1.08,23211862,21407327,12.43,31.0
2023-09-15,AMC,1.0,22146199,38128663,8.36,17.0
2023-09-29,AMC,1.0,17160338,17979417,7.99,17.0
2023-10-13,AMC,1.0,15402984,24433045,9.5,22.0
2023-10-31,AMC,1.12,18524828,16505451,9.15,17.0
2023-11-15,AMC,1.0,22796630,23444896,8.01,17.0
2023-11-30,AMC,1.24,22600273,18228674,6.9,18.0
2023-12-15,AMC,1.0,18302923,21354140,6.65,17.0
2023-12-29,AMC,1.28,23283624,18149342,6.12,32.0
2024-01-12,AMC,1.35,24104314,17869237,4.56,19.0
2024-01-31,AMC,2.18,28620993,13121389,4.07,13.0
2024-02-15,AMC,2.0,29359675,14667131,4.38,17.0
2024-02-29,AMC,2.17,31750252,14615808,4.44,17.0
2024-03-15,AMC,2.73,36329391,13305821,4.44,18.0
2024-03-28,AMC,3.18,42191492,13274758,3.72,19.0
2024-04-15,AMC,2.79,50685424,18166542,2.65,15.0
2024-04-30,AMC,2.78,55449039,19942711,3.41,14.0
2024-05-15,AMC,1.0,56731489,152872883,2.91,30.0
2024-05-31,AMC,1.0,58201931,65038643,4.33,20.0
2024-06-14,AMC,1.0,52945480,73137385,4.99,28.0
2024-06-28,AMC,2.28,53873669,23654709,4.98,24.0
2024-07-15,AMC,2.9,53744937,18516004,5.26,21.0
2024-07-31,AMC,2.69,51900469,19306368,5.18,28.0
2024-08-15,AMC,4.22,51247216,12141762,5.0,23.0
2024-08-30,AMC,6.27,50656601,8077030,4.82,18.0
2024-09-13,AMC,6.4,50439747,7878562,4.96,16.0
2024-09-30,AMC,5.14,57177199,11129825,4.5,15.0
2024-10-15,AMC,7.23,52759376,7300672,4.17,15.0
2024-10-31,AMC,8.12,48610057,5988686,4.32,14.0
2024-11-15,AMC,3.52,49811860,14152186,4.48,14.0
2024-11-29,AMC,3.47,49455853,14254701,4.95,34.0
2024-12-13,AMC,2.53,53045291,21000202,4.18,17.0
2024-12-31,AMC,3.26,48723373,14936634,4.0,24.0
2025-01-15,AMC,3.52,46280261,13161769,3.8,14.0
2025-01-31,AMC,3.72,37768952,10148410,3.11,13.0
2025-02-14,AMC,3.84,37539547,9763358,3.55,16.0
2025-02-28,AMC,3.55,37924295,10673953,3.3,12.0
2025-03-14,AMC,4.95,39225652,7929236,2.9,11.0
2025-03-31,AMC,6.33,48494766,7655672,2.88,18.0
2025-04-15,AMC,5.99,58484560,9766825,2.95,18.0
2025-04-30,AMC,9.23,62494313,6772004,2.71,19.0
2025-05-15,AMC,7.98,64233103,8048638,2.73,16.0
2025-05-30,AMC,2.99,64208209,21483968,3.56,24.0
2020-06-30,BB,5.12,26017542,5084496,4.72,24.0
2020-07-15,BB,7.61,24777599,3254738,4.73,24.0
2020-07-31,BB,9.58,26334563,2748465,4.74,26.0
2020-08-14,BB,9.83,27744981,2822509,4.8,28.0
2020-08-31,BB,8.57,24423676,2848779,5.23,27.0
2020-09-15,BB,6.06,24892819,4107562,4.75,28.0
2020-09-30,BB,5.08,26812588,5275025,4.77,27.0
2020-10-15,BB,7.67,30454157,3971903,4.73,28.0
2020-10-30,BB,9.51,31666634,3330731,4.49,27.0
2020-11-13,BB,9.52,29549884,3105441,5.11,23.0
2020-11-30,BB,6.97,29602246,4245755,6.15,32.0
2020-12-15,BB,1.0,34573554,65347475,8.16,29.0
2020-12-31,BB,2.79,39563672,14162316,6.63,28.0
2021-01-15,BB,2.62,43485405,16611488,9.84,29.0
2021-01-29,BB,1.0,20406949,177806832,14.1,100.0
2021-02-12,BB,1.0,32350653,39737411,13.04,35.0
2021-02-26,BB,1.71,43025495,25117591,10.05,34.0
2021-03-15,BB,2.05,37656015,18366563,11.85,32.0
2021-03-31,BB,3.36,40039305,11911163,9.63,33.0
2021-04-15,BB,4.53,44497674,9828472,9.13,27.0
2021-04-30,BB,5.42,48477549,8943138,8.83,27.0
2021-05-14,BB,7.66,50227904,6552930,8.44,24.0
2021-05-28,BB,4.24,46967161,11088540,10.07,30.0
2021-06-15,BB,1.0,37728365,165501834,14.18,36.0
2021-06-30,BB,1.26,37059887,29347561,12.12,29.0
2021-07-15,BB,3.68,37062927,10066182,11.79,30.0
2021-07-30,BB,4.07,36262944,8915641,10.16,29.0
2021-08-13,BB,6.25,36790618,5887473,9.88,27.0
2021-08-31,BB,3.06,36818052,12049160,11.3,25.0
2021-09-15,BB,5.21,39113143,7505889,10.42,26.0
2021-09-30,BB,3.22,40179571,12474973,10.38,28.0
2021-10-15,BB,4.88,39680770,8128738,10.34,30.0
2021-10-29,BB,3.45,37901188,10989990,10.8,28.0
2021-11-15,BB,3.68,34270410,9311948,10.78,32.0
2021-11-30,BB,5.77,36230295,6276348,9.97,34.0
2021-12-15,BB,4.04,36021833,8916116,8.79,33.0
2021-12-31,BB,3.2,33999823,10639565,9.35,31.0
2022-01-14,BB,4.93,33964104,6883210,9.04,29.0
2022-01-31,BB,3.19,34590121,10853380,7.88,31.0
2022-02-15,BB,4.05,34956153,8629933,7.04,30.0
2022-02-28,BB,4.7,33619948,7151760,6.72,34.0
2022-03-15,BB,6.24,38027692,6098536,6.24,34.0
2022-03-31,BB,3.55,35980435,10124836,7.39,30.0
2022-04-14,BB,4.75,37289297,7854985,6.68,27.0
2022-04-29,BB,7.03,41253654,5865991,5.72,27.0
2022-05-13,BB,4.15,39455116,9499437,5.83,27.0
2022-05-31,BB,2.92,35038654,11999904,6.57,26.0
2022-06-15,BB,3.6,36236460,10058518,5.54,24.0
2022-06-30,BB,3.5,33928600,9687041,5.75,26.0
2022-07-15,BB,4.74,32556469,6875657,5.75,27.0
2022-07-29,BB,6.77,33161922,4896801,6.13,29.0
2022-08-15,BB,5.92,33039863,5580087,6.78,31.0
2022-08-31,BB,6.39,33149504,5188402,6.09,30.0
2022-09-15,BB,6.23,33031982,5300192,6.02,27.0
2022-09-30,BB,5.4,33817857,6265667,4.7,26.0
2022-10-14,BB,4.57,37445305,8186289,3.98,24.0
2022-10-31,BB,7.81,37143272,4754272,4.63,24.0
2022-11-15,BB,5.41,44068427,8140461,4.97,25.0
2022-11-30,BB,8.02,35820882,4468689,4.84,26.0
2022-12-15,BB,4.96,28582647,5768117,4.4,28.0
2022-12-30,BB,3.05,30470286,10001295,3.26,30.0
2023-01-13,BB,3.83,27991961,7299221,3.81,26.0
2023-01-31,BB,3.43,25261487,7354819,4.37,28.0
2023-02-15,BB,3.38,22338629,6609200,4.11,29.0
2023-02-28,BB,5.31,24715997,4650941,3.8,30.0
2023-03-15,BB,2.9,20884654,7199082,3.59,35.0
2023-03-31,BB,3.27,21332761,6518146,4.56,28.0
2023-04-14,BB,3.91,18299027,4681655,4.51,25.0
2023-04-28,BB,5.15,18291135,3548402,3.91,24.0
2023-05-15,BB,3.37,17402442,5160337,5.01,23.0
2023-05-31,BB,3.97,15923936,4014781,5.23,23.0
2023-06-15,BB,4.13,15118873,3659547,5.15,23.0
2023-06-30,BB,1.77,14618294,8260640,5.53,25.0
2023-07-14,BB,3.03,16293594,5382539,4.87,23.0
2023-07-31,BB,3.23,15963817,4944645,4.75,24.0
2023-08-15,BB,4.54,14245823,3135176,4.61,25.0
2023-08-31,BB,2.27,15436015,6785202,5.23,23.0
2023-09-15,BB,1.43,15263540,10645551,5.39,24.0
2023-09-29,BB,4.25,25782817,6070944,4.71,22.0
2023-10-13,BB,4.2,24572102,5856881,3.47,23.0
2023-10-31,BB,4.34,24579372,5661622,3.41,24.0
2023-11-15,BB,6.78,24797681,3655598,3.64,25.0
2023-11-30,BB,8.95,21502457,2403497,3.65,25.0
2023-12-15,BB,2.98,22417496,7511017,4.37,27.0
2023-12-29,BB,4.38,31095455,7096447,3.54,27.0
2024-01-12,BB,6.02,37192027,6177896,3.4,26.0
2024-01-31,BB,3.35,44777129,13371678,2.92,26.0
2024-02-15,BB,6.05,46756318,7725383,2.8,26.0
2024-02-29,BB,8.25,46381277,5621638,2.57,28.0
2024-03-15,BB,3.2,43289675,13526526,2.85,28.0
2024-03-28,BB,5.31,47873879,9011722,2.76,33.0
2024-04-15,BB,3.76,44214311,11744246,3.05,23.0
2024-04-30,BB,8.34,42586717,5104798,2.83,23.0
2024-05-15,BB,2.42,42131319,17408588,2.9,25.0
2024-05-31,BB,5.89,41224263,7001500,2.79,25.0
2024-06-14,BB,4.56,51992700,11407081,2.34,23.0
2024-06-28,BB,1.64,32707263,19920814,2.48,22.0
2024-07-15,BB,5.23,32717693,6253545,2.5,24.0
2024-07-31,BB,5.99,31622213,5282242,2.48,26.0
2024-08-15,BB,8.01,31473367,3930158,2.17,25.0
2024-08-30,BB,6.84,29206030,4267581,2.35,24.0
2024-09-13,BB,6.87,29489003,4292103,2.48,23.0
2024-09-30,BB,2.67,30281816,11346162,2.52,22.0
2024-10-15,BB,3.26,26300336,8077215,2.49,23.0
2024-10-31,BB,3.22,26975284,8384838,2.39,22.0
2024-11-15,BB,2.39,24825096,10366597,2.38,23.0
2024-11-29,BB,2.62,26267590,10041409,2.57,27.0
2024-12-13,BB,1.78,27544458,15483905,2.69,26.0
2024-12-31,BB,1.52,29497696,19427735,3.91,25.0
2025-01-15,BB,1.5,30538347,20323051,4.06,25.0
2025-01-31,BB,1.48,28691262,19428210,4.44,25.0
2025-02-14,BB,1.21,35284669,29062748,5.69,25.0
2025-02-28,BB,1.0,37662787,46673676,4.71,29.0
2025-03-14,BB,1.72,34593724,20155724,4.54,31.0
2025-03-31,BB,2.44,32861889,13444928,3.92,27.0
2025-04-15,BB,1.64,31474016,19222873,3.16,22.0
2025-04-30,BB,2.79,31557588,11291575,3.38,24.0
2025-05-15,BB,2.32,35266702,15193663,3.81,22.0
2025-05-30,BB,2.96,34254597,11570248,3.96,23.0
2020-06-30,EXPR,8.06,13611594,1689385,28.4,1.0
2020-07-15,EXPR,7.13,14136408,1983048,30.6,2.0
2020-07-31,EXPR,7.52,14608515,1943358,20.2,2.0
2020-08-14,EXPR,8.87,14968557,1687432,24.8,2.0
2020-08-31,EXPR,7.58,14395222,1899797,21.8,2.0
2020-09-15,EXPR,6.68,14627301,2188932,17.698,2.0
2020-09-30,EXPR,2.11,11477272,5438159,13.57,2.0
2020-10-15,EXPR,1.39,9242863,6671467,15.044,2.0
2020-10-30,EXPR,3.18,10110495,3181876,12.22,2.0
2020-11-13,EXPR,1.04,8319431,7990089,15.352,2.0
2020-11-30,EXPR,1.11,7698098,6930074,31.8,3.0
2020-12-15,EXPR,1.35,6972982,5152589,21.4,2.0
2020-12-31,EXPR,2.77,8023698,2894054,18.2,1.0
2021-01-15,EXPR,1.0,7220623,7312589,25.2,3.0
2021-01-29,EXPR,1.0,8556228,99808319,120.0,100.0
2021-02-12,EXPR,1.0,5930097,15128508,56.0,8.0
2021-02-26,EXPR,1.0,4562807,17546109,53.8,12.0
2021-03-15,EXPR,1.0,6275596,30041512,88.8,11.0
2021-03-31,EXPR,1.0,5401693,12721857,84.8,4.0
2021-04-15,EXPR,1.6,6562957,4109381,75.8,4.0
2021-04-30,EXPR,2.21,6269820,2841473,61.0,4.0
2021-05-14,EXPR,1.0,4570609,4647212,64.6,4.0
2021-05-28,EXPR,1.0,6152960,15711422,85.8,9.0
2021-06-15,EXPR,1.0,7070633,22607102,105.8,5.0
2021-06-30,EXPR,1.0,6397325,17593701,142.0,9.0
2021-07-15,EXPR,1.0,4232016,7011924,115.8,4.0
2021-07-30,EXPR,1.01,5180653,5123332,93.8,4.0
2021-08-13,EXPR,1.0,3987000,5569758,120.4,4.0
2021-08-31,EXPR,1.0,3334652,7268004,129.0,3.0
2021-09-15,EXPR,1.0,3382500,4527445,105.6,3.0
2021-09-30,EXPR,1.0,3149589,3907983,105.2,3.0
2021-10-15,EXPR,1.25,3437167,2756778,87.2,3.0
2021-10-29,EXPR,1.0,3302311,3301344,76.8,3.0
2021-11-15,EXPR,1.0,2783913,4110596,85.4,2.0
2021-11-30,EXPR,1.0,3381872,3790691,78.6,3.0
2021-12-15,EXPR,1.0,3081494,6178201,68.8,3.0
2021-12-31,EXPR,1.0,3003673,3423243,61.6,2.0
2022-01-14,EXPR,1.3,3370434,2592659,63.0,2.0
2022-01-31,EXPR,1.25,3380952,2694460,58.0,2.0
2022-02-15,EXPR,1.17,4040163,3459606,83.6,2.0
2022-02-28,EXPR,1.89,3960634,2098393,90.8,2.0
2022-03-15,EXPR,1.36,4060819,2982307,74.0,2.0
2022-03-31,EXPR,1.0,3772368,3938768,70.8,3.0
2022-04-14,EXPR,1.4,3565173,2539807,66.2,2.0
2022-04-29,EXPR,2.13,3558590,1669900,68.8,2.0
2022-05-13,EXPR,1.51,3772837,2500503,71.4,2.0
2022-05-31,EXPR,1.0,4333960,6002279,60.0,2.0
2022-06-15,EXPR,1.33,3805320,2859774,48.8,2.0
2022-06-30,EXPR,1.49,5308574,3566614,44.6,2.0
2022-07-15,EXPR,2.65,5543864,2094150,35.0,2.0
2022-07-29,EXPR,2.95,5453601,1848555,33.8,2.0
2022-08-15,EXPR,1.58,4975809,3152624,43.6,3.0
2022-08-31,EXPR,1.77,6154722,3468736,39.0,2.0
2022-09-15,EXPR,2.5,6504004,2600382,27.0,2.0
2022-09-30,EXPR,5.65,6156926,1089186,21.8,2.0
2022-10-14,EXPR,6.74,6471849,960394,23.8,2.0
2022-10-31,EXPR,7.27,6307084,867391,26.2,2.0
2022-11-15,EXPR,3.79,6328790,1667827,26.0,2.0
2022-11-30,EXPR,7.51,6765746,901394,28.0,2.0
2022-12-15,EXPR,1.0,6404022,10353035,24.8,3.0
2022-12-30,EXPR,2.96,6565293,2221471,20.4,2.0
2023-01-13,EXPR,3.46,6266496,1813059,21.8,2.0
2023-01-31,EXPR,3.24,6276861,1939038,22.6,2.0
2023-02-15,EXPR,1.93,7376251,3831617,22.6,2.0
2023-02-28,EXPR,7.16,6814195,951046,20.6,2.0
2023-03-15,EXPR,6.64,7790728,1173073,17.536,2.0
2023-03-31,EXPR,4.34,7908120,1821721,15.766,2.0
2023-04-14,EXPR,3.63,8370703,2307280,16.8,3.0
2023-04-28,EXPR,8.62,8952311,1038144,16.15,2.0
2023-05-15,EXPR,13.84,7970951,575824,16.1,2.0
2023-05-31,EXPR,5.28,8892953,1685669,12.4,2.0
2023-06-15,EXPR,8.24,10808244,1311257,12.09,2.0
2023-06-30,EXPR,5.46,8171932,1497906,11.868,1.0
2023-07-14,EXPR,6.95,7444458,1071783,13.738,2.0
2023-07-31,EXPR,10.96,8055496,734700,15.372,2.0
2023-08-15,EXPR,9.74,7683893,788924,15.97,2.0
2023-08-31,EXPR,5.7,415775,72942,10.326,2.0
2023-09-15,EXPR,3.03,461010,152359,9.74,2.0
2023-09-29,EXPR,11.87,479231,40385,9.0,2.0
2023-10-13,EXPR,11.86,436388,36794,8.4,2.0
2023-10-31,EXPR,12.45,467634,37550,8.64,2.0
2023-11-15,EXPR,9.66,423459,43837,9.5,2.0
2023-11-30,EXPR,7.94,451022,56771,9.44,1.0
2023-12-15,EXPR,8.83,440554,49874,8.29,1.0
2023-12-29,EXPR,6.2,476882,76890,8.37,1.0
2024-01-12,EXPR,9.83,440807,44827,8.01,1.0
2024-01-31,EXPR,15.06,469790,31195,7.2,2.0
2024-02-15,EXPR,1.02,602114,591172,4.28,3.0
2024-02-29,EXPR,3.12,569343,182538,2.64,2.0
2024-03-15,EXPR,1.0,265240,321553,1.27,2.0
2024-03-28,EXPR,4.96,219957,44315,1.3,1.0
2024-04-15,EXPR,1.58,234053,148421,0.75,2.0
2020-06-30,GME,17.03,54559609,3204606,1.0875,0.0
2020-07-15,GME,25.82,53499964,2072383,1.085,0.0
2020-07-31,GME,20.82,54524532,2618558,1.0025,0.0
2020-08-14,GME,15.5,55688385,3593418,1.1875,0.0
2020-08-31,GME,15.96,57860937,3626133,1.3475,0.0
2020-09-15,GME,6.1,66409745,10885180,1.5225,0.0
2020-09-30,GME,5.62,68628509,12207895,2.505,0.0
2020-10-15,GME,3.55,70337051,19796553,3.005,1.0
2020-10-30,GME,8.11,66806277,8242526,2.6175,0.0
2020-11-13,GME,14.05,67454064,4802213,2.7525,0.0
2020-11-30,GME,8.72,67982121,7797115,4.02,1.0
2020-12-15,GME,6.89,68127116,9885845,3.3275,0.0
2020-12-31,GME,6.14,71196206,11588797,4.71,1.0
2021-01-15,GME,2.1,61782730,29385884,8.875,3.0
2021-01-29,GME,1.0,21409004,96789540,81.25,100.0
2021-02-12,GME,1.0,16468038,40407815,13.1,18.0
2021-02-26,GME,1.0,14200138,35190707,25.435,33.0
2021-03-15,GME,1.0,10187324,35871397,66.125,20.0
2021-03-31,GME,1.0,10696160,21048359,45.25,12.0
2021-04-15,GME,1.13,11112124,9852978,39.59,10.0
2021-04-30,GME,2.11,11817478,5600751,43.3975,8.0
2021-05-14,GME,3.15,11972632,3803141,39.98,6.0
2021-05-28,GME,1.45,11971702,8235755,55.5,13.0
2021-06-15,GME,1.0,9670734,11563428,58.335,7.0
2021-06-30,GME,1.56,8224618,5256753,52.3775,5.0
2021-07-15,GME,2.78,8075454,2903947,47.8075,5.0
2021-07-30,GME,3.38,7664869,2270693,40.28,4.0
2021-08-13,GME,2.5,7573914,3029440,40.63,3.0
2021-08-31,GME,1.81,7796968,4313674,51.2375,4.0
2021-09-15,GME,2.05,7375940,3598836,47.6025,4.0
2021-09-30,GME,3.13,7820947,2502466,46.29,3.0
2021-10-15,GME,5.29,7672089,1451392,45.82,3.0
2021-10-29,GME,3.56,7060752,1985671,45.8775,3.0
2021-11-15,GME,2.22,6775394,3054295,50.525,3.0
2021-11-30,GME,3.26,6421977,1972550,49.93,3.0
2021-12-15,GME,2.38,8611843,3611552,39.7525,3.0
2021-12-31,GME,4.7,8449995,1798277,37.0975,2.0
2022-01-14,GME,2.31,9377532,4058237,29.1625,3.0
2022-01-31,GME,2.5,10998384,4406441,24.4775,3.0
2022-02-15,GME,4.02,11943772,2972597,31.0625,3.0
2022-02-28,GME,6.9,11713653,1698488,29.645,2.0
2022-03-15,GME,5.82,12345458,2120654,23.1725,3.0
2022-03-31,GME,1.08,12249471,11318231,37.9875,9.0
2022-04-14,GME,3.43,14128064,4123456,37.6925,2.0
2022-04-29,GME,8.12,13540994,1668138,31.2675,2.0
2022-05-13,GME,4.06,15123772,3723329,24.5975,3.0
2022-05-31,GME,3.12,15537841,4982613,34.3025,3.0
2022-06-15,GME,3.5,14511385,4145012,32.2725,3.0
2022-06-30,GME,5.53,13301379,2407151,33.8025,2.0
2022-07-15,GME,4.41,14905476,3378234,35.41,3.0
2022-07-29,GME,7.81,59908446,7672095,34.01,3.0
2022-08-15,GME,7.96,53245515,6687641,40.74,4.0
2022-08-31,GME,6.55,49593249,7571276,30.94,2.0
2022-09-15,GME,7.25,49525156,6831517,28.92,2.0
2022-09-30,GME,13.76,51092394,3714374,25.13,2.0
2022-10-14,GME,16.53,53883909,3260389,24.63,2.0
2022-10-31,GME,8.34,53372724,6399185,28.17,2.0
2022-11-15,GME,11.32,54655571,4828453,26.1,2.0
2022-11-30,GME,18.98,54620238,2877559,26.17,1.0
2022-12-15,GME,8.4,54707097,6511642,22.63,1.0
2022-12-30,GME,13.01,58411815,4488808,18.46,1.0
2023-01-13,GME,11.39,60337728,5296325,20.49,2.0
2023-01-31,GME,11.43,57882022,5063509,22.82,2.0
2023-02-15,GME,10.99,57289638,5213661,19.27,1.0
2023-02-28,GME,18.55,56850983,3064416,19.54,1.0
2023-03-15,GME,18.99,58505711,3080681,17.25,1.0
2023-03-31,GME,4.93,56723649,11504931,23.02,2.0
2023-04-14,GME,20.34,56072019,2757166,22.46,1.0
2023-04-28,GME,23.01,57709747,2508441,19.29,1.0
2023-05-15,GME,24.08,57320808,2380357,20.69,1.0
2023-05-31,GME,16.21,55841413,3444084,23.25,1.0
2023-06-15,GME,6.07,55155121,9085204,22.68,2.0
2023-06-30,GME,18.46,52281039,2832327,24.25,1.0
2023-07-14,GME,22.01,51660779,2347478,22.97,1.0
2023-07-31,GME,21.21,50478950,2379949,21.93,1.0
2023-08-15,GME,24.16,51203657,2119414,20.19,1.0
2023-08-31,GME,17.09,51250434,2999209,17.13,1.0
2023-09-15,GME,12.63,53950371,4272009,18.22,1.0
2023-09-29,GME,18.12,55894055,3084825,16.46,1.0
2023-10-13,GME,19.58,58558450,2990283,14.92,1.0
2023-10-31,GME,17.16,59938352,3493866,13.12,1.0
2023-11-15,GME,18.31,60673347,3312791,12.54,1.0
2023-11-30,GME,5.67,63590274,11206851,12.2,2.0
2023-12-15,GME,5.44,62664063,11523582,17.26,1.0
2023-12-29,GME,13.22,61174273,4627616,17.53,1.0
2024-01-12,GME,18.84,60104977,3190257,14.75,1.0
2024-01-31,GME,20.68,59673027,2885946,14.49,1.0
2024-02-15,GME,21.11,60191632,2851250,14.66,1.0
2024-02-29,GME,24.62,60479692,2456534,13.51,1.0
2024-03-15,GME,18.23,59554103,3266095,14.24,1.0
2024-03-28,GME,8.09,65688393,8123131,12.52,2.0
2024-04-15,GME,12.73,59954492,4708722,10.77,1.0
2024-04-30,GME,17.36,64373343,3708218,11.9,1.0
2024-05-15,GME,1.03,68391054,66664695,17.46,23.0
2024-05-31,GME,1.0,46538235,52050019,23.14,4.0
2024-06-14,GME,1.0,44729815,139302192,28.7,16.0
2024-06-28,GME,1.2,41953496,35026105,24.69,4.0
2024-07-15,GME,2.55,40344382,15807656,26.05,4.0
2024-07-31,GME,3.02,37925649,12549488,24.13,2.0
2024-08-15,GME,5.6,35971941,6423530,21.93,2.0
2024-08-30,GME,6.25,35551855,5689610,23.42,2.0
2024-09-13,GME,2.59,36551732,14091060,20.65,2.0
2024-09-30,GME,2.81,38133807,13585925,22.48,1.0
2024-10-15,GME,6.92,35962132,5198923,20.83,1.0
2024-10-31,GME,5.9,35943712,6090390,20.57,2.0
2024-11-15,GME,2.5,31866496,12733092,26.59,3.0
2024-11-29,GME,2.45,32404004,13223249,29.05,2.0
2024-12-13,GME,2.11,31061785,14746751,27.99,3.0
2024-12-31,GME,2.57,31301108,12175556,32.2,2.0
2025-01-15,GME,3.7,32138831,8687628,32.31,2.0
2025-01-31,GME,5.86,30329696,5180091,26.9,1.0
2025-02-14,GME,4.43,27717723,6256182,27.0,2.0
2025-02-28,GME,5.33,28516200,5346341,25.04,1.0
2025-03-14,GME,6.81,28257093,4148999,23.05,1.0
2025-03-31,GME,2.15,47564164,22098887,21.73,2.0
2025-04-15,GME,3.82,50002641,13090592,26.4,1.0
2025-04-30,GME,6.74,48711464,7230663,27.46,1.0
2025-05-15,GME,6.43,49516766,7697326,27.54,1.0
2025-05-30,GME,2.63,47491887,18084761,29.8,3.0
2020-06-30,KOSS,1.0,10096,93297,1.4,3.0
2020-07-15,KOSS,1.0,18378,121158,1.78,4.0
2020-07-31,KOSS,1.0,6566,78670,1.9,4.0
2020-08-14,KOSS,1.0,25421,118385,2.04,4.0
2020-08-31,KOSS,1.0,25857,65060,2.24,4.0
2020-09-15,KOSS,1.69,28944,17115,2.08,3.0
2020-09-30,KOSS,1.18,12140,10271,2.215,3.0
2020-10-15,KOSS,1.0,9940,22075,2.17,4.0
2020-10-30,KOSS,1.0,1049,11112,2.0747,3.0
2020-11-13,KOSS,1.0,1578,1587,2.16,3.0
2020-11-30,KOSS,1.0,4235,4769,2.1993,4.0
2020-12-15,KOSS,1.0,722,17195,2.3756,3.0
2020-12-31,KOSS,1.0,590314,1558848,3.44,5.0
2021-01-15,KOSS,1.0,12755,67712,2.9,3.0
2021-01-29,KOSS,1.0,756138,8973430,64.0,100.0
2021-02-12,KOSS,1.0,289028,3607642,14.78,9.0
2021-02-26,KOSS,1.0,598690,7091358,16.71,20.0
2021-03-15,KOSS,1.0,669173,10740153,27.88,9.0
2021-03-31,KOSS,1.0,833553,3672025,21.13,8.0
2021-04-15,KOSS,1.0,711425,1192103,20.29,6.0
2021-04-30,KOSS,1.01,530159,527093,18.7,5.0
2021-05-14,KOSS,1.0,475695,804712,18.55,5.0
2021-05-28,KOSS,1.0,551918,2726813,23.07,8.0
2021-06-15,KOSS,1.0,429729,5280120,25.29,7.0
2021-06-30,KOSS,1.0,440262,696104,24.68,5.0
2021-07-15,KOSS,1.24,310849,250637,20.53,5.0
2021-07-30,KOSS,3.4,578420,170092,18.14,4.0
2021-08-13,KOSS,1.03,429640,417705,18.65,5.0
2021-08-31,KOSS,1.0,323906,734856,17.99,5.0
2021-09-15,KOSS,1.17,245627,209306,18.82,4.0
2021-09-30,KOSS,1.0,151592,156515,16.88,4.0
2021-10-15,KOSS,1.0,569720,1641277,17.37,8.0
2021-10-29,KOSS,1.07,244510,229088,16.18,6.0
2021-11-15,KOSS,1.0,213743,370502,15.94,5.0
2021-11-30,KOSS,1.15,174112,151312,14.45,5.0
2021-12-15,KOSS,1.04,164455,158117,13.12,5.0
2021-12-31,KOSS,1.21,107278,88993,10.68,5.0
2022-01-14,KOSS,1.0,92675,135022,9.68,5.0
2022-01-31,KOSS,1.0,139686,208323,7.86,5.0
2022-02-15,KOSS,1.38,114354,83104,8.8,4.0
2022-02-28,KOSS,2.06,80981,39368,7.63,5.0
2022-03-15,KOSS,1.63,103388,63462,6.76,5.0
2022-03-31,KOSS,1.0,735085,1861308,8.25,5.0
2022-04-14,KOSS,3.29,546401,165931,7.46,4.0
2022-04-29,KOSS,3.74,321932,86133,6.53,4.0
2022-05-13,KOSS,1.58,227009,143991,6.01,5.0
2022-05-31,KOSS,4.24,396483,93401,7.05,4.0
2022-06-15,KOSS,3.1,214651,69168,7.05,5.0
2022-06-30,KOSS,8.58,317702,37027,7.45,5.0
2022-07-15,KOSS,6.22,228989,36831,7.16,5.0
2022-07-29,KOSS,1.0,389596,920943,7.75,7.0
2022-08-15,KOSS,1.12,219165,195230,8.95,5.0
2022-08-31,KOSS,1.0,225937,257985,7.99,5.0
2022-09-15,KOSS,5.46,230519,42204,7.76,3.0
2022-09-30,KOSS,6.05,217150,35915,6.35,4.0
2022-10-14,KOSS,9.35,202230,21619,6.23,4.0
2022-10-31,KOSS,5.25,187446,35701,6.79,3.0
2022-11-15,KOSS,7.06,167681,23738,6.5,4.0
2022-11-30,KOSS,13.96,165122,11825,6.3,4.0
2022-12-15,KOSS,6.47,147211,22759,5.87,4.0
2022-12-30,KOSS,6.16,143368,23292,4.95,5.0
2023-01-13,KOSS,5.91,128988,21818,5.96,4.0
2023-01-31,KOSS,4.19,129836,30954,6.12,3.0
2023-02-15,KOSS,1.51,113419,74976,5.095,4.0
2023-02-28,KOSS,4.21,103040,24451,4.93,4.0
2023-03-15,KOSS,8.25,87938,10663,4.8,4.0
2023-03-31,KOSS,3.78,70069,18530,4.62,3.0
2023-04-14,KOSS,5.62,59851,10655,4.59,4.0
2023-04-28,KOSS,5.33,55141,10352,4.23,3.0
2023-05-15,KOSS,4.78,58214,12190,3.8,4.0
2023-05-31,KOSS,1.98,52706,26577,3.97,3.0
2023-06-15,KOSS,2.36,47296,20078,3.75,5.0
2023-06-30,KOSS,1.88,47999,25585,3.7,4.0
2023-07-14,KOSS,4.27,49674,11635,3.66,4.0
2023-07-31,KOSS,1.0,112902,458765,3.99,5.0
2023-08-15,KOSS,1.0,28684,33757,3.89,4.0
2023-08-31,KOSS,1.02,19424,18994,3.48,3.0
2023-09-15,KOSS,1.0,12171,12967,3.32,5.0
2023-09-29,KOSS,1.16,19073,16393,2.9614,4.0
2023-10-13,KOSS,1.56,12757,8194,2.82,4.0
2023-10-31,KOSS,1.24,13726,11093,2.72,4.0
2023-11-15,KOSS,1.0,9728,33576,2.72,4.0
2023-11-30,KOSS,1.12,31075,27674,2.75,4.0
2023-12-15,KOSS,1.2,27086,22638,3.73,4.0
2023-12-29,KOSS,1.0,11471,16069,3.35,4.0
2024-01-12,KOSS,1.0,8098,11521,3.03,4.0
2024-01-31,KOSS,1.0,10531,11920,2.9651,4.0
2024-02-15,KOSS,1.25,16563,13243,2.84,6.0
2024-02-29,KOSS,1.0,15962,21814,2.51,3.0
2024-03-15,KOSS,1.0,10845,18420,2.49,4.0
2024-03-28,KOSS,1.0,9793,14523,2.57,4.0
2024-04-15,KOSS,1.0,11254,17440,2.38,4.0
2024-04-30,KOSS,1.35,11568,8597,2.4,4.0
2024-05-15,KOSS,1.0,1089738,4007405,3.1978,7.0
2024-05-31,KOSS,1.0,340546,376045,4.7,4.0
2024-06-14,KOSS,1.0,403987,555107,4.02,5.0
2024-06-28,KOSS,3.44,296733,86383,4.45,4.0
2024-07-15,KOSS,1.0,805338,16129009,9.08,8.0
2024-07-31,KOSS,1.0,544075,1994367,9.42,5.0
2024-08-15,KOSS,1.41,329114,234133,6.68,5.0
2024-08-30,KOSS,1.0,493514,528482,8.11,5.0
2024-09-13,KOSS,1.61,466647,289020,7.43,4.0
2024-09-30,KOSS,2.04,489003,240042,7.12,4.0
2024-10-15,KOSS,2.81,421425,150134,7.24,5.0
2024-10-31,KOSS,2.02,409272,202183,7.26,4.0
2024-11-15,KOSS,1.81,330788,182400,6.95,4.0
2024-11-29,KOSS,2.06,354104,171889,7.24,5.0
2024-12-13,KOSS,1.49,311217,208634,7.2,5.0
2024-12-31,KOSS,1.55,260727,168562,8.0,5.0
2025-01-15,KOSS,1.72,233639,135729,7.33,4.0
2025-01-31,KOSS,3.7,258675,69913,5.98,4.0
2025-02-14,KOSS,3.43,260346,75916,6.56,5.0
2025-02-28,KOSS,5.62,271418,48319,5.53,4.0
2025-03-14,KOSS,8.28,272035,32870,5.0,4.0
2025-03-31,KOSS,4.92,238330,48459,4.85,6.0
2025-04-15,KOSS,5.5,240784,43753,4.46,5.0
2025-04-30,KOSS,9.4,247005,26288,4.625,5.0
2025-05-15,KOSS,9.07,236504,26069,4.92,7.0
2025-05-30,KOSS,1.56,287900,184047,5.82,4.0
2020-06-30,NOK,1.0,21703233,28027997,3.9477,3.0
2020-07-15,NOK,1.0,35764680,36301572,3.7476,3.0
2020-07-31,NOK,1.35,36797414,27166969,4.3479,3.0
2020-08-14,NOK,1.26,37547824,29835283,4.548,3.0
2020-08-31,NOK,2.3,38780589,16839443,4.5207,3.0
2020-09-15,NOK,1.05,40850540,38788599,3.7294,3.0
2020-09-30,NOK,1.81,40931004,22574959,3.4383,3.0
2020-10-15,NOK,2.37,44171986,18657131,3.6657,3.0
2020-10-30,NOK,1.23,48905679,39761575,3.0654,3.0
2020-11-13,NOK,1.41,53349590,37913682,3.4656,3.0
2020-11-30,NOK,2.16,51150264,23628603,3.7567,3.0
2020-12-15,NOK,2.08,48242505,23166545,3.693,3.0
2020-12-31,NOK,2.67,50518233,18898510,3.5566,2.0
2021-01-15,NOK,1.72,59550824,34557798,3.7112,3.0
2021-01-29,NOK,1.0,56837102,292299000,4.1478,100.0
2021-02-12,NOK,1.0,48267813,102049744,3.7931,11.0
2021-02-26,NOK,1.0,41223801,54366562,3.5657,11.0
2021-03-15,NOK,1.0,30583408,42016206,3.8385,9.0
2021-03-31,NOK,1.0,24247495,35133714,3.693,4.0
2021-04-15,NOK,1.18,28227293,23873844,3.7567,4.0
2021-04-30,NOK,1.0,30227472,38761454,4.257,6.0
2021-05-14,NOK,1.0,33280270,44285418,4.4571,5.0
2021-05-28,NOK,1.02,33425798,32698096,4.6936,9.0
2021-06-15,NOK,1.0,37910354,47233113,4.9392,5.0
2021-06-30,NOK,1.0,29064391,29238239,4.9574,4.0
2021-07-15,NOK,1.0,31760218,34692114,4.9756,6.0
2021-07-30,NOK,1.07,33345246,31161885,5.5304,5.0
2021-08-13,NOK,1.77,37781989,21389379,5.5668,4.0
2021-08-31,NOK,2.22,35224476,15836121,5.4849,3.0
2021-09-15,NOK,1.95,34196259,17527771,5.303,3.0
2021-09-30,NOK,1.48,31442774,21226167,5.0756,3.0
2021-10-15,NOK,1.88,33658333,17914263,5.3667,3.0
2021-10-29,NOK,1.74,36767022,21177024,5.1666,4.0
2021-11-15,NOK,2.05,36309610,17698674,5.1666,3.0
2021-11-30,NOK,1.89,39169134,20767749,5.0483,3.0
2021-12-15,NOK,1.7,43604897,25724505,5.4758,3.0
2021-12-31,NOK,2.45,41621327,16998006,5.6578,3.0
2022-01-14,NOK,1.73,44941848,25926188,5.394,3.0
2022-01-31,NOK,1.06,37552594,35477385,5.203,3.0
2022-02-15,NOK,1.52,37699900,24823680,5.0392,3.0
2022-02-28,NOK,1.08,36508513,33938394,4.9483,3.0
2022-03-15,NOK,1.0,34604435,36402946,4.3752,3.0
2022-03-31,NOK,1.6,34887535,21747810,4.8846,3.0
2022-04-14,NOK,1.5,31035920,20732642,4.6481,2.0
2022-04-29,NOK,1.0,33560759,35450908,4.5844,3.0
2022-05-13,NOK,1.0,26954691,41866545,4.457,3.0
2022-05-31,NOK,1.0,22207609,32613694,4.6945,3.0
2022-06-15,NOK,1.0,20869715,35671143,4.2926,3.0
2022-06-30,NOK,1.0,19186557,35767688,4.3931,3.0
2022-07-15,NOK,1.0,17144323,24454496,4.2104,3.0
2022-07-29,NOK,1.0,18332331,22919477,4.7501,2.0
2022-08-15,NOK,1.0,18698013,23916980,4.7776,3.0
2022-08-31,NOK,1.0,21976796,28938247,4.4658,2.0
2022-09-15,NOK,1.0,21943038,24981209,4.6492,2.0
2022-09-30,NOK,1.0,20484071,25386620,3.9156,3.0
2022-10-14,NOK,1.0,14681435,22453560,4.0806,2.0
2022-10-31,NOK,1.0,12274297,35075334,4.0901,2.0
2022-11-15,NOK,1.0,12406173,25186223,4.3757,2.0
2022-11-30,NOK,1.0,11862934,18786035,4.4401,2.0
2022-12-15,NOK,1.0,13738821,17754068,4.5046,2.0
2022-12-30,NOK,1.0,13348946,13741273,4.2743,2.0
2023-01-13,NOK,1.0,12953653,15812324,4.6336,2.0
2023-01-31,NOK,1.0,17176895,25711375,4.3572,2.0
2023-02-15,NOK,1.0,16195530,16383979,4.3125,2.0
2023-02-28,NOK,1.0,12628335,14675255,4.2385,3.0
2023-03-15,NOK,1.0,13204054,17478798,4.3403,3.0
2023-03-31,NOK,1.0,13666686,15042895,4.5439,3.0
2023-04-14,NOK,1.0,10664308,14029453,4.5346,3.0
2023-04-28,NOK,1.0,12618278,26724874,3.9079,3.0
2023-05-15,NOK,1.13,16640990,14716744,3.7587,3.0
2023-05-31,NOK,1.25,18174438,14583169,3.7494,3.0
2023-06-15,NOK,1.56,20925364,13449037,3.7307,3.0
2023-06-30,NOK,1.47,22670420,15473755,3.88,3.0
2023-07-14,NOK,1.16,20451609,17585157,3.7121,3.0
2023-07-31,NOK,1.0,15373259,20713638,3.6965,2.0
2023-08-15,NOK,1.31,20766843,15907240,3.6589,2.0
2023-08-31,NOK,1.34,15596574,11680076,3.5742,2.0
2023-09-15,NOK,1.49,27838413,18685427,3.6965,2.0
2023-09-29,NOK,2.01,28519287,14169506,3.5178,2.0
2023-10-13,NOK,1.0,18218702,22529704,3.3015,2.0
2023-10-31,NOK,1.0,22721325,25012925,3.0876,2.0
2023-11-15,NOK,2.22,28992296,13073710,3.3156,3.0
2023-11-30,NOK,2.89,22590730,7824952,3.3726,3.0
2023-12-15,NOK,1.0,16347038,24977606,3.0971,3.0
2023-12-29,NOK,1.8,25370584,14094962,3.2491,2.0
2024-01-12,NOK,1.64,21092870,12833723,3.3441,3.0
2024-01-31,NOK,1.0,19380099,20400745,3.6291,2.0
2024-02-15,NOK,1.65,22389187,13564221,3.4395,3.0
2024-02-29,NOK,2.27,26727087,11772010,3.3916,3.0
2024-03-15,NOK,2.11,30810818,14610061,3.5353,2.0
2024-03-28,NOK,1.68,26330313,15695264,3.3916,3.0
2024-04-15,NOK,1.42,19568835,13821368,3.1904,3.0
2024-04-30,NOK,1.16,21308358,18393630,3.5374,3.0
2024-05-15,NOK,1.79,25768492,14364586,3.6053,3.0
2024-05-31,NOK,2.06,23635615,11492851,3.7797,3.0
2024-06-14,NOK,1.77,18522543,10468585,3.5084,3.0
2024-06-28,NOK,1.22,14671021,11982262,3.6634,3.0
2024-07-15,NOK,1.58,20972145,13289370,3.8669,3.0
2024-07-31,NOK,1.6,23947189,14942476,3.7544,3.0
2024-08-15,NOK,2.17,28462733,13139543,3.7251,3.0
2024-08-30,NOK,1.65,24565062,14892980,4.3606,3.0
2024-09-13,NOK,1.52,32630209,21523369,4.1064,3.0
2024-09-30,NOK,2.0,47791368,23843081,4.2726,2.0
2024-10-15,NOK,3.59,48801476,13589454,4.2628,3.0
2024-10-31,NOK,2.03,58433246,28737196,4.6958,2.0
2024-11-15,NOK,3.71,56462562,15229364,4.3906,3.0
2024-11-29,NOK,2.28,50895709,22285968,4.1347,3.0
2024-12-13,NOK,3.53,50848207,14412309,4.4103,3.0
2024-12-31,NOK,5.18,52863330,10203750,4.4103,3.0
2025-01-15,NOK,4.0,55846764,13975682,4.4497,3.0
2025-01-31,NOK,2.44,57349560,23531589,4.5284,3.0
2025-02-14,NOK,3.45,66096689,19183666,4.945,3.0
2025-02-28,NOK,3.72,74633995,20077704,4.7567,3.0
2025-03-14,NOK,1.47,48179268,32697240,5.2819,3.0
2025-03-31,NOK,2.51,41961248,16740154,5.163,3.0
2025-04-15,NOK,1.5,35544079,23695078,4.9152,3.0
2025-04-30,NOK,1.3,30226330,23310810,4.945,3.0
2025-05-15,NOK,1.83,30806409,16866181,5.09,3.0
2025-05-30,NOK,2.4,36645057,15242281,5.22,3.0
