ticker,ingresso,uscita
ITT,2020,2021
RETA,2020,2024
HBI,2020,0
UTHR,2020,2021
EVBG,2020,0
AGCO,2020,2021
ACC,2020,2021
EWBC,2020,2021
GPS,2020,2024
TOL,2020,2021
NYCB,2020,0
H,2020,2021
STAG,2020,2021
QLYS,2020,2024
FLO,2020,2021
SDGR,2020,0
KIM,2020,2021
UA,2020,0
UAA,2020,0
APPF,2020,2024
TTEK,2020,2021
HELE,2020,0
ORI,2020,2021
RARE,2020,0
PRI,2020,2023
GMED,2020,2021
PSTG,2020,2021
CZR,2020,2021
IDA,2020,0
PEGA,2020,0
VRT,2020,2023
WWD,2020,2021
PENN,2020,0
LSTR,2020,2021
NATI,2020,2023
ALLO,2020,0
SAIC,2020,2023
LSI,2020,2021
WING,2020,2023
CHH,2020,2021
IVZ,2020,2021
QTS,2020,2022
MSA,2020,2023
ASH,2020,0
AXLA,2020,2021
MMS,2020,0
RUN,2020,0
NVRO,2020,0
MIDD,2020,2021
QRTEA,2020,2023
CUZ,2020,0
DXC,2020,0
AN,2020,2021
DAR,2020,2021
SKX,2020,2021
CFR,2020,2021
TREE,2020,0
NTNX,2020,2021
MDLA,2020,2022
XFOR,2020,2021
USFD,2020,2021
SNDR,2020,0
HAE,2020,0
NOV,2020,2021
PBCT,2020,2021
TNET,2020,2021
ARWR,2020,0
SLAB,2020,0
EXPO,2020,0
CCMP,2020,2021
ENV,2020,0
KNSL,2020,2022
LANC,2020,2023
JEF,2020,2021
MRO,2020,2021
BLD,2020,2021
LFUS,2020,2021
HFC,2020,2021
NEWR,2020,2024
TRGP,2020,2021
IOVA,2020,0
FCN,2020,2022
YETI,2020,0
ALK,2020,2021
XAIR,2020,2021
MRCY,2020,0
FFIN,2020,0
MEDP,2020,2023
SLGN,2020,0
ALSN,2020,2024
STWD,2020,2021
RAPT,2020,0
LSCC,2020,2021
SSD,2020,2023
FCNCA,2020,2021
TPX,2020,2023
ETRN,2020,2024
GBT,2020,2023
LOPE,2020,0
RDFN,2020,0
TRNO,2020,2022
WH,2020,2021
NEU,2020,2024
NEOG,2020,0
GO,2020,0
HUN,2020,0
PLNT,2020,2021
CCOI,2020,0
BPMC,2020,2024
OGS,2020,0
BRKS,2020,2021
IART,2020,0
ESNT,2020,2024
MAN,2020,0
TFSL,2020,0
HOG,2020,0
CRUS,2020,0
HIW,2020,0
POST,2020,2023
RLI,2020,2021
NKTR,2020,0
HE,2020,0
HQY,2020,2024
POR,2020,0
NXST,2020,2021
HR,2020,2023
SWX,2020,2024
LCI,2020,2021
TXRH,2020,2021
FRPT,2020,2024
AYI,2020,2021
BOKF,2020,2021
NTRA,2020,2023
DVN,2020,2021
NVTA,2020,2024
MAT,2020,2021
GPK,2020,2021
ARMK,2020,2021
OMF,2020,2024
MUSA,2020,2022
ICUI,2020,0
EQC,2020,0
DKS,2020,2021
VVV,2020,2021
MNTA,2020,2021
THG,2020,0
ONEM,2020,2024
JBGS,2020,0
PSB,2020,2022
RYN,2020,0
EME,2020,2021
PPC,2020,2021
FOLD,2020,0
CHNG,2020,2021
OPTN,2020,2024
MTH,2020,2024
HALO,2020,0
EQT,2020,2021
FOXF,2020,0
CW,2020,2021
MSGS,2020,0
TPR,2020,2021
NCLH,2020,2021
PFGC,2020,2021
NFG,2020,0
QMCO,2020,2021
ALLK,2020,2024
MSM,2020,2023
IRDM,2020,0
ARNA,2020,2022
HLI,2020,2022
RXN,2020,2021
POWI,2020,0
NOVT,2020,2023
CCXI,2020,2023
FLS,2020,2024
SMTC,2020,0
ESGR,2020,0
WWE,2020,2023
BKH,2020,0
HPP,2020,0
PAG,2020,2021
ADC,2020,2022
ASGN,2020,0
WAL,2020,2024
FTDR,2020,0
CLDR,2020,2022
APPN,2020,0
LPX,2020,2024
SRC,2020,2021
BXMT,2020,0
UNF,2020,0
VICR,2020,0
XRX,2020,0
UNM,2020,2021
PSN,2020,2024
BAND,2020,0
PFSI,2020,0
NVST,2020,0
IRTC,2020,0
PINC,2020,0
UFPI,2020,2024
VAC,2020,0
COO,2020,2023
PVH,2020,2023
HAIN,2020,0
KWR,2020,0
CNNE,2020,0
TKR,2020,2023
ENR,2020,0
ALRM,2020,0
VRNS,2020,0
SF,2020,2021
WMS,2020,2021
BRX,2020,2021
WSC,2020,2021
AWI,2020,2024
UBSI,2020,0
CRI,2020,0
SLG,2020,0
WSM,2020,2024
ARD,2020,2021
SSB,2020,2021
FEYE,2020,2022
PNM,2020,0
GBCI,2020,0
AXS,2020,2024
EXP,2020,2023
BBIO,2020,0
CLH,2020,2022
TENB,2020,2024
OPK,2020,0
NRZ,2020,2023
AMKR,2020,2023
CR,2020,2024
SIGI,2020,2022
CARG,2020,0
BCPC,2020,0
TWOU,2020,2024
NAV,2020,2022
PRLB,2020,0
AJRD,2020,2024
LXP,2020,0
AMG,2020,0
SNX,2020,2021
SR,2020,0
LCII,2020,0
VIAV,2020,0
KBR,2020,2021
OSTK,2020,0
LAZ,2020,0
SEB,2020,0
PTCT,2020,0
AGIO,2020,0
HXL,2020,2023
SAIA,2020,2021
ACIW,2020,0
SFM,2020,2024
OZK,2020,2024
BPOP,2020,2024
PZZA,2020,0
ALE,2020,0
NVT,2020,2021
FL,2020,0
GTES,2020,0
NXTC,2020,2021
CC,2020,0
KBH,2020,0
TMHC,2020,2024
RPD,2020,0
VVNT,2020,2024
WERN,2020,0
ORA,2020,0
SBRA,2020,0
HARP,2020,2021
BLKB,2020,0
CBU,2020,0
VLY,2020,0
SWI,2020,0
OMCL,2020,0
RAMP,2020,0
NG,2020,0
JBT,2020,0
FIZZ,2020,0
GRA,2020,2022
UNVR,2020,2023
AL,2020,2024
PNFP,2020,2024
NJR,2020,0
MIME,2020,2022
SNV,2020,2024
OFC,2020,2024
HHC,2020,2024
VRNT,2020,0
KSS,2020,0
PRNB,2020,2021
NUVA,2020,2024
HL,2020,0
STRA,2020,0
RDN,2020,0
CNS,2020,0
PCH,2020,0
MTZ,2020,2021
ALKS,2020,0
MDC,2020,0
LGIH,2020,0
PLUG,2020,0
ENS,2020,0
ALTR,2020,2023
LPSN,2020,2024
CWEN.A,2020,0
CWEN,2020,0
NWE,2020,0
AWR,2020,0
WTS,2020,2023
COTY,2020,2021
GOLF,2020,0
MTSI,2020,2024
BOX,2020,0
AEIS,2020,0
JBLU,2020,0
MTG,2020,2024
ITRI,2020,0
MANT,2020,2023
THC,2020,2021
PING,2020,2023
KEX,2020,2024
NHI,2020,0
BLDR,2020,2021
HRB,2020,2023
GSHD,2020,0
SYNA,2020,0
WK,2020,0
FATE,2020,0
ESI,2020,2024
AM,2020,2023
HOMB,2020,0
TRIP,2020,0
WTM,2020,0
BYD,2020,2021
WDFC,2020,0
CWST,2020,2024
SATS,2020,0
FN,2020,2024
STAA,2020,0
GDOT,2020,0
DIOD,2020,0
INSP,2020,2021
LAUR,2020,0
AXSM,2020,0
SPSC,2020,2023
AVT,2020,0
DORM,2020,0
INSM,2020,0
ACHC,2020,2021
CBRL,2020,0
DCPH,2020,0
MIC,2020,2022
AMN,2020,0
BLUE,2020,0
CMPR,2020,0
HASI,2020,0
TGNA,2020,0
BHF,2020,0
VMI,2020,0
EYE,2020,0
SAFE,2020,0
NSP,2020,0
CVET,2020,2023
USM,2020,2023
SLM,2020,0
PDCO,2020,0
AVA,2020,0
VSAT,2020,0
FHI,2020,2023
OVV,2020,2021
DNLI,2020,0
FELE,2020,0
SHEN,2020,0
SCL,2020,0
TPTX,2020,2023
TWST,2020,0
MMSI,2020,0
THS,2020,0
SAFM,2020,2023
XEC,2020,2021
WTFC,2020,2024
CMC,2020,2023
ENSG,2020,2023
WBS,2020,2022
AIT,2020,2023
CVBF,2020,0
PD,2020,0
BRC,2020,2023
CROX,2020,2023
AA,2020,2021
GTLS,2020,2021
NGVT,2020,0
ABM,2020,0
MGEE,2020,0
FNB,2020,0
UMPQ,2020,2024
FCFS,2020,2024
CFX,2020,2022
UMBF,2020,0
HLNE,2020,0
MCY,2020,0
SAGE,2020,0
NCR,2020,2024
FUL,2020,0
CNMD,2020,0
RBC,2020,2022
JCOM,2020,2022
CWK,2020,0
SJI,2020,2024
AEL,2020,0
SPB,2020,0
TGTX,2020,0
IBP,2020,2024
JJSF,2020,0
CSOD,2020,2022
PLMR,2020,0
ONB,2020,0
NUS,2020,0
CWT,2020,0
PGNY,2020,0
SMPL,2020,0
TDC,2020,0
ROLL,2020,2023
PRMW,2020,0
TRN,2020,0
VSH,2020,0
LIVN,2020,0
PCRX,2020,0
FHB,2020,0
SFIX,2020,0
CPRI,2020,0
IIPR,2020,0
BOH,2020,0
EVR,2020,2024
KMT,2020,0
AQUA,2020,2022
SRNE,2020,2024
ESE,2020,0
BCO,2020,0
NNI,2020,0
EVTC,2020,0
ROG,2020,0
FORM,2020,0
TTEC,2020,0
KTOS,2020,0
IMVT,2020,0
TDS,2020,0
EXLS,2020,0
AIMC,2020,2024
SXT,2020,0
SABR,2020,0
NOVA,2020,0
HI,2020,0
KRTX,2020,2023
BXS,2020,2022
PLXS,2020,0
STL,2020,2022
ITGR,2020,0
TPH,2020,0
JWN,2020,0
BECN,2020,2024
CADE,2020,2024
WRI,2020,2022
EPR,2020,0
GATX,2020,0
PACW,2020,2024
CALM,2020,0
CNO,2020,0
INDB,2020,0
NSA,2020,0
GT,2020,0
EPAY,2020,2022
OUT,2020,0
KW,2020,0
CLF,2020,2021
AAON,2020,2023
DOOR,2020,0
CBT,2020,2024
BIPC,2020,0
APAM,2020,0
PDM,2020,0
CVLT,2020,0
IRBT,2020,0
WGO,2020,0
ACA,2020,0
YEXT,2020,0
MUR,2020,2022
SPR,2020,0
VC,2020,0
GHC,2020,0
IGT,2020,0
STAY,2020,2021
SANM,2020,0
ANAT,2020,2022
PSMT,2020,0
TR,2020,2023
SFBS,2020,0
JELD,2020,0
APLE,2020,0
MED,2020,0
PPBI,2020,0
DEA,2020,0
UNIT,2020,0
OPCH,2020,2022
APLS,2020,2023
ASB,2020,0
VCYT,2020,0
HCSG,2020,0
KAR,2020,0
SWCH,2020,2023
SSTK,2020,0
GKOS,2020,0
WWW,2020,0
WCC,2020,2022
PK,2020,0
JW.A,2020,2022
CATY,2020,0
IBOC,2020,0
ABG,2020,0
R,2020,2024
CNX,2020,0
HP,2020,0
CDE,2020,0
ISBC,2020,2022
LILA,2020,0
LILAK,2020,0
CHX,2020,2023
JACK,2020,0
IBTX,2020,0
M,2020,2024
SPXC,2020,2024
MNRO,2020,0
B,2020,0
AMK,2020,0
PBH,2020,0
PMT,2020,0
LGND,2020,0
FSS,2020,0
NTCT,2020,0
MXL,2020,0
BGS,2020,0
FIBK,2020,0
CIT,2020,2021
ONTO,2020,2024
IDCC,2020,0
BDN,2020,0
IOSP,2020,0
CVCO,2020,0
WRE,2020,2023
BKU,2020,0
YELP,2020,0
BCC,2020,2024
LRN,2020,0
AVAV,2020,0
COMM,2020,0
EDIT,2020,0
EHTH,2020,2024
BMI,2020,2024
FIX,2020,2023
FLWS,2020,0
AGO,2020,0
CDLX,2020,0
UPWK,2020,0
SFNC,2020,0
CAR,2020,0
PRAA,2020,0
ATGE,2020,0
SHAK,2020,0
FOCS,2020,2024
SWTX,2020,0
ATRC,2020,0
ELY,2020,2023
ALGT,2020,0
TRUP,2020,0
FBC,2020,2023
FCPT,2020,0
MGLN,2020,2022
SJW,2020,0
SONO,2020,0
ARNC,2020,2024
AUB,2020,0
SGMS,2020,2021
OLN,2020,2021
LMNX,2020,2022
WAFD,2020,0
RHP,2020,2022
HTH,2020,0
HUBG,2020,0
WW,2020,2024
NSIT,2020,2024
MOG.A,2020,2024
CPA,2020,2023
CORT,2020,0
CMP,2020,0
HGV,2020,0
MSGE,2020,0
XNCR,2020,0
CTRE,2020,0
ADS,2020,2022
FLOW,2020,2022
DRNA,2020,2022
USNA,2020,0
ASPS,2020,2021
MC,2020,0
BE,2020,0
ROCK,2020,0
GEF,2020,0
GEF.B,2020,0
SUM,2020,2024
RMBS,2020,2024
SWAV,2020,2021
TCBI,2020,0
MD,2020,0
GCP,2020,2023
EGHT,2020,0
AEO,2020,0
PQG,2020,2022
VRRM,2020,0
DAN,2020,0
HTLD,2020,0
HWC,2020,0
AXNX,2020,0
MTOR,2020,2023
OI,2020,0
REZI,2020,0
SHOO,2020,0
NWN,2020,0
EPC,2020,0
WABC,2020,0
EAF,2020,0
SAH,2020,0
URBN,2020,0
AAT,2020,0
SHO,2020,0
AKBA,2020,0
PXLW,2020,2021
SKY,2020,0
MTX,2020,0
MDU,2020,0
MWA,2020,0
ABCB,2020,0
CENTA,2020,0
CENT,2020,0
TRTN,2020,0
SMCI,2020,2023
RCM,2020,2021
MDGL,2020,0
TWNK,2020,2024
PGRE,2020,0
AMBA,2020,0
FULT,2020,0
MLI,2020,2024
APG,2020,2024
PRGS,2020,0
MATX,2020,0
SILK,2020,0
LGF.A,2020,0
LGF.B,2020,0
CDNA,2020,0
RVMD,2020,2024
OTTR,2020,0
UCBI,2020,0
RCII,2020,2024
ADNT,2020,0
FRO,2020,2023
HMN,2020,0
AIN,2020,0
RRC,2020,2022
SPNS,2020,0
BIG,2020,2024
SBGI,2020,0
WD,2020,0
IGMS,2020,0
NAVI,2020,0
SGMO,2020,2024
CVI,2020,0
EPRT,2020,0
ADUS,2020,0
ICPT,2020,2024
SPT,2020,0
EVER,2020,0
COOP,2020,0
KFY,2020,0
GPI,2020,0
INT,2020,2024
INFN,2020,0
GNL,2020,0
TWO,2020,0
HRTX,2020,0
CYTK,2020,2024
SIX,2020,0
X,2020,2021
MRTN,2020,0
AVNS,2020,0
IRWD,2020,0
SAVE,2020,0
CWH,2020,0
EPZM,2020,2022
CRNC,2020,0
LTC,2020,0
MDRX,2020,0
WSFS,2020,0
NRC,2020,0
FWRD,2020,0
FLR,2020,2024
TRMK,2020,0
CRVL,2020,0
RGR,2020,0
BANF,2020,0
RVNC,2020,0
PDCE,2020,2022
JRVR,2020,0
KODK,2020,0
YMAB,2020,0
BDC,2020,0
HCAT,2020,0
ATSG,2020,0
KN,2020,0
PRO,2020,0
MGRC,2020,0
PRK,2020,0
CPK,2020,0
SWN,2020,2022
PEB,2020,0
MGNX,2020,0
CNK,2020,0
ZUO,2020,0
ITCI,2020,2023
EXPI,2020,0
FMBI,2020,2022
NSTG,2020,2024
ILPT,2020,0
MLHR,2020,2022
INVA,2020,0
AMWD,2020,0
DY,2020,0
ARI,2020,0
GTN,2020,0
AAWW,2020,2024
MRSN,2020,0
VAPO,2020,2022
FFBC,2020,0
CSGS,2020,0
ZGNX,2020,2022
CNST,2020,2022
BBBY,2020,2023
VGR,2020,0
WMK,2020,0
CLBK,2020,0
CVA,2020,2022
MODN,2020,0
AX,2020,0
WSBC,2020,0
SEM,2020,0
CFFN,2020,0
MDP,2020,2022
VERO,2020,2021
AMRC,2020,0
SKYW,2020,0
RPAI,2020,2022
NMIH,2020,0
CBZ,2020,0
FRME,2020,0
CXP,2020,2022
RLJ,2020,0
LZB,2020,0
ZNTL,2020,0
TEX,2020,0
RNST,2020,0
TTMI,2020,0
SBH,2020,0
SNBR,2020,0
NBTB,2020,0
RCKT,2020,0
OSUR,2020,0
KRO,2020,0
CYRX,2020,0
NTB,2020,0
ALX,2020,0
IPAR,2020,0
SLP,2020,0
KNSA,2020,0
DK,2020,0
RPAY,2020,0
OSIS,2020,0
TOWN,2020,0
ICFI,2020,0
ROIC,2020,0
PJT,2020,0
GEO,2020,0
HNI,2020,0
BANC,2020,0
THRM,2020,0
ATKR,2020,2024
SCS,2020,0
HSC,2020,2024
CHRS,2020,0
BV,2020,0
NGM,2020,0
RIG,2020,0
GTY,2020,0
PRFT,2020,0
NWBI,2020,0
KAI,2020,0
WOR,2020,0
BANR,2020,0
OSPN,2020,0
WMC,2020,2021
CALX,2020,0
RGNX,2020,0
ALEC,2020,0
RCUS,2020,0
CRK,2020,0
ARVN,2020,0
TBPH,2020,0
OFLX,2020,0
AMSF,2020,0
TNC,2020,0
APPS,2020,0
IHRT,2020,0
BRMK,2020,2024
ALG,2020,0
UCTT,2020,0
HLIO,2020,0
MBUU,2020,0
TRHC,2020,2022
JOE,2020,0
EAT,2020,0
ODT,2020,2021
MLAB,2020,0
CRTX,2020,2022
AMCX,2020,0
CSII,2020,2024
REAL,2020,0
ARCT,2020,0
CLI,2020,2022
AKRO,2020,0
OPI,2020,2024
ORGS,2020,2021
MHO,2020,0
MFA,2020,0
MSTR,2020,2024
CCS,2020,0
CERS,2020,0
DLX,2020,0
FBP,2020,0
KPTI,2020,2024
UE,2020,0
SUPN,2020,0
UFS,2020,2022
SNCR,2020,2021
ODP,2020,0
MTRN,2020,0
DRQ,2020,0
RUSHB,2020,0
RUSHA,2020,0
ARGO,2020,2024
ABR,2020,0
PHR,2020,0
HTLF,2020,0
ECPG,2020,0
SYKE,2020,2022
ESRT,2020,0
CNXN,2020,0
MAC,2020,0
ATRI,2020,0
SEAS,2020,0
EPAC,2020,0
SAFT,2020,0
LKFN,2020,0
MSEX,2020,0
REGI,2020,2022
AHCO,2020,0
PHAT,2020,0
ECOL,2020,2022
SVC,2020,0
TROX,2020,0
KAMN,2020,0
KTB,2020,0
ATI,2020,2024
RLGY,2020,2022
SASR,2020,0
IRT,2020,0
UNFI,2020,0
MAXR,2020,2024
MMI,2020,0
PRPL,2020,0
BSIG,2020,0
GFF,2020,0
WHD,2020,0
CRS,2020,0
FDP,2020,0
USPH,2020,0
MEI,2020,0
CXW,2020,0
FARO,2020,0
AVYA,2020,2023
STC,2020,0
VIVO,2020,2024
LNN,2020,0
CAKE,2020,0
ESPR,2020,0
NTLA,2020,0
HURN,2020,0
VRTS,2020,0
UPLD,2020,2023
UVV,2020,0
AKR,2020,0
HOPE,2020,0
PBF,2020,2024
CELH,2020,2023
GNW,2020,0
WIRE,2020,0
RTRX,2020,2021
SWBI,2020,0
FBK,2020,0
SBCF,2020,0
SERV,2020,2021
TRS,2020,0
SMP,2020,0
CVGW,2020,0
VCRA,2020,2022
VBIV,2020,2023
JBSS,2020,0
BLMN,2020,0
TTGT,2020,0
ARQT,2020,0
XCUR,2020,2021
MTDR,2020,2022
PGTI,2020,0
BGCP,2020,2024
ASTE,2020,0
ATRA,2020,2024
LOGC,2020,2021
SWM,2020,2023
AROC,2020,0
GMS,2020,0
CHCT,2020,0
BDTX,2020,0
VSTO,2020,0
PLUS,2020,0
CHCO,2020,0
PRDO,2020,0
MGY,2020,0
FOE,2020,2022
EVH,2020,0
PFS,2020,0
NYMT,2020,0
CSWI,2020,0
ACLS,2020,0
HRI,2020,0
SCWX,2020,2023
CATM,2020,2021
NPO,2020,0
KALU,2020,0
OMI,2020,0
NXGN,2020,2024
AMRS,2020,2024
QTRX,2020,0
FRG,2020,2024
EGBN,2020,0
BEAM,2020,0
PATK,2020,0
BATRA,2020,0
UHT,2020,0
EIG,2020,0
BATRK,2020,0
AMPH,2020,0
DOMO,2020,0
TMP,2020,0
EVOP,2020,2024
CCF,2020,2024
PAHC,2020,0
ATNX,2020,2022
BUSE,2020,0
NXRT,2020,0
DRH,2020,0
SSP,2020,0
KURA,2020,0
DHC,2020,0
KREF,2020,0
NTGR,2020,0
ENTA,2020,0
ATNI,2020,0
OCFC,2020,0
LTHM,2020,0
SBSI,2020,0
LADR,2020,0
TPIC,2020,0
PETQ,2020,0
GOSS,2020,2023
NHC,2020,0
SFL,2020,0
XHR,2020,0
MYGN,2020,0
AC,2020,2023
DHT,2020,0
LASR,2020,0
CEVA,2020,0
DVAX,2020,0
CLNY,2020,2021
SITM,2020,0
JOUT,2020,0
SYBT,2020,0
FRTA,2020,2022
REPL,2020,0
HSKA,2020,2024
ELF,2020,2023
IRET,2020,2021
CODX,2020,2021
SYX,2020,2021
NRBO,2020,2021
LNTH,2020,0
WBT,2020,2023
DNOW,2020,0
ALEX,2020,0
RDUS,2020,0
NBHC,2020,0
PIPR,2020,0
ROAD,2020,0
AXDX,2020,2022
RYTM,2020,0
SRCE,2020,0
NEO,2020,0
GBX,2020,0
PDFS,2020,0
STBA,2020,0
STOK,2020,0
TCBK,2020,0
FOR,2020,0
TSE,2020,2024
KRG,2020,0
VBTX,2020,0
QADA,2020,2022
SCHL,2020,0
RAD,2020,2023
RDNT,2020,0
HCC,2020,0
KRYS,2020,0
RWT,2020,0
PLOW,2020,0
AZZ,2020,0
KIDS,2020,0
ENDP,2020,2023
HOME,2020,2022
LLNW,2020,2022
AXL,2020,0
RAVN,2020,2022
TCMD,2020,0
AR,2020,2022
XPER,2020,0
IMKTA,2020,0
PRA,2020,0
CLNC,2020,2021
CMCO,2020,0
GPRO,2020,0
GRC,2020,0
BRBR,2020,2024
COHU,2020,0
AFIN,2020,2022
DDD,2020,0
BKE,2020,0
CENX,2020,0
RRR,2020,0
EB,2020,0
ARCB,2020,0
PRIM,2020,0
GVA,2020,0
CSTL,2020,0
FCF,2020,0
PLAB,2020,0
CRY,2020,2022
EFSC,2020,0
CBB,2020,2022
BRKL,2020,0
ICHR,2020,0
ATEX,2020,0
GABC,2020,0
NP,2020,2023
UIS,2020,0
PAE,2020,2022
OMER,2020,0
VCEL,2020,0
SGRY,2020,0
BHE,2020,0
DIN,2020,0
IBIO,2020,2022
GLNG,2020,0
SPTN,2020,0
NMRK,2020,0
STNG,2020,0
QUOT,2020,2024
PTEN,2020,0
GWB,2020,2022
BCRX,2020,0
FREQ,2020,2022
IMGN,2020,2024
BFS,2020,0
TEN,2020,0
NWLI,2020,0
OXM,2020,0
MOBL,2020,2021
NVEE,2020,0
PNTG,2020,0
HSTM,2020,0
LOCO,2020,0
SPWH,2020,2024
CDXS,2020,0
GRBK,2020,0
PGEN,2020,0
KRNY,2020,0
LOB,2020,0
MORF,2020,0
FFWM,2020,0
NAT,2020,0
HFWA,2020,0
STAR,2020,2024
SGH,2020,0
ZIOP,2020,2022
MATW,2020,0
STFC,2020,2022
OFG,2020,0
GES,2020,2024
EBIX,2020,2024
AGX,2020,0
LL,2020,2023
SHYF,2020,0
TCDA,2020,2023
TRTX,2020,0
HNGR,2020,2023
UEIC,2020,2023
IMAX,2020,0
KDMN,2020,2022
ACEL,2020,0
FORR,2020,0
PFC,2020,0
ZYXI,2020,0
MCRI,2020,0
ECHO,2020,2022
SXI,2020,0
VECO,2020,0
KOS,2020,0
INGN,2020,0
RILY,2020,0
KROS,2020,0
CASH,2020,0
TBK,2020,2023
UTL,2020,0
TUP,2020,2023
CTS,2020,0
PSNL,2020,2022
TCX,2020,0
TVTY,2020,2023
AMRX,2020,0
AGM,2020,0
RBBN,2020,0
SRDX,2020,0
RBCAA,2020,0
HEES,2020,0
UFCS,2020,0
PBI,2020,0
TPB,2020,0
ATEN,2020,0
CRMT,2020,0
NTUS,2020,2023
EGRX,2020,2024
HY,2020,0
PETS,2020,2024
HLX,2020,0
SNDX,2020,0
PACB,2020,0
RLMD,2020,2023
LORL,2020,2022
GOOD,2020,0
OEC,2020,0
ACCO,2020,0
PRTS,2020,2024
MGPI,2020,0
QNST,2020,0
CLW,2020,0
MYRG,2020,0
ANF,2020,2024
BLFS,2020,0
VREX,2020,0
RES,2020,0
AMEH,2020,0
ARR,2020,0
ORIC,2020,0
YORW,2020,0
WNC,2020,0
HZO,2020,0
NESR,2020,0
NPK,2020,0
APRE,2020,2021
AIR,2020,0
OYST,2020,2022
KFRC,2020,0
HMST,2020,0
TPC,2020,0
SKT,2020,0
ADTN,2020,0
LMAT,2020,0
OFIX,2020,0
WINA,2020,0
FBNC,2020,0
PACK,2020,0
AMBC,2020,0
DCOM,2020,0
RMAX,2020,0
PTGX,2020,0
NCBS,2020,2022
ECOM,2020,2023
PRVB,2020,2024
QTNT,2020,2022
GAN,2020,2022
SCSC,2020,0
KELYA,2020,0
PLAY,2020,0
FLGT,2020,0
CMO,2020,2022
APLT,2020,0
FF,2020,0
EBSB,2020,2022
WASH,2020,0
ZUMZ,2020,0
CYH,2020,0
BRP,2020,0
DENN,2020,0
MSGN,2020,2022
BCOR,2020,2024
CVM,2020,2022
APOG,2020,0
FSP,2020,0
PAR,2020,0
CUE,2020,2024
BOOT,2020,0
SRI,2020,0
SIG,2020,0
AHH,2020,0
TRST,2020,0
GMRE,2020,0
GTHX,2020,0
OII,2020,0
NLTX,2020,2022
AMTB,2020,0
IVR,2020,0
MIRM,2020,0
OBNK,2020,0
PFBC,2020,0
UVE,2020,0
EXTR,2020,0
VNDA,2020,0
CMRE,2020,0
HA,2020,0
CNOB,2020,0
CARS,2020,0
DDS,2020,2024
COLL,2020,0
HLIT,2020,0
CTBI,2020,0
HWKN,2020,0
GLDD,2020,0
CLVS,2020,2022
PI,2020,0
PUMP,2020,0
NEX,2020,2024
INN,2020,0
TBBK,2020,0
MYE,2020,0
XENT,2020,2022
AMSWA,2020,0
TBI,2020,0
AERI,2020,2023
TG,2020,0
ATHX,2020,2022
MBIN,2020,0
KOP,2020,0
CIR,2020,2024
WETF,2020,0
BMTC,2020,2022
UBX,2020,2021
NH,2020,2022
CNSL,2020,0
KALA,2020,2022
ANIK,2020,0
TXMD,2020,2022
EFC,2020,0
LBAI,2020,0
CASS,2020,0
CRBP,2020,0
ETNB,2020,0
IMXI,2020,0
VEC,2020,0
SCHN,2020,2024
VKTX,2020,2024
USLM,2020,0
RESI,2020,2021
WRLD,2020,0
FLDM,2020,2022
BKD,2020,0
GSBC,2020,0
GERN,2020,0
UMH,2020,0
ARDX,2020,0
BHLB,2020,0
SIGA,2020,0
ABTX,2020,2023
RPT,2020,0
LBC,2020,0
IHC,2020,2022
ULH,2020,0
IESC,2020,0
OCUL,2020,0
BY,2020,0
AMC,2020,0
SIBN,2020,0
AGYS,2020,0
ANAB,2020,0
TMDX,2020,0
MRC,2020,0
TCRR,2020,2022
NFBK,2020,0
URGN,2020,0
PRTA,2020,0
EVRI,2020,0
TALO,2020,0
ENVA,2020,0
NSSC,2020,0
MGTX,2020,0
INSW,2020,0
BPFH,2020,2022
CASA,2020,2023
BPYU,2020,2022
GIII,2020,0
CFB,2020,0
WTRE,2020,2022
BFC,2020,0
LBRT,2020,0
SYRS,2020,2022
DRRX,2020,2022
CAC,2020,0
CLNE,2020,0
OSW,2020,0
HONE,2020,0
QCRH,2020,0
AWH,2020,2022
ARCH,2020,0
VTOL,2020,0
ANDE,2020,0
TILE,2020,0
ATRS,2020,2022
RMR,2020,0
XPEL,2020,0
BLX,2020,0
HFFG,2020,0
PAYS,2020,0
THFF,2020,0
NX,2020,0
KRMD,2020,2024
CRNX,2020,0
AXGN,2020,0
COWN,2020,2024
USX,2020,2024
NPTN,2020,2023
BCEL,2020,2022
BDSI,2020,2022
THR,2020,0
EBF,2020,0
GPRE,2020,0
WOW,2020,0
UVSP,2020,0
CPRX,2020,0
MNRL,2020,2023
GTS,2020,2022
ALBO,2020,2024
HBNC,2020,0
TGH,2020,0
BJRI,2020,0
LOVE,2020,0
GRPN,2020,0
RC,2020,0
CPF,2020,0
BOOM,2020,0
KRA,2020,2022
LPG,2020,0
FULC,2020,0
AGLE,2020,2022
FBMS,2020,0
APEI,2020,0
BOMN,2020,2022
MCS,2020,0
MITK,2020,0
DBI,2020,0
MPX,2020,0
BMRC,2020,0
USCR,2020,2022
VMD,2020,0
ERII,2020,0
XBIT,2020,0
DCO,2020,0
CDMO,2020,0
BCOV,2020,2024
REX,2020,0
MBI,2020,0
CHEF,2020,0
KOD,2020,0
CMTL,2020,2024
SPPI,2020,2022
HCKT,2020,0
VRS,2020,2022
VYGR,2020,0
REVG,2020,0
DGICA,2020,0
VRAY,2020,2024
PBYI,2020,0
FMBH,2020,0
IMUX,2020,2022
TRUE,2020,0
RUBY,2020,2022
KBAL,2020,2024
GRWG,2020,0
HTBK,2020,0
RVP,2020,2022
BBSI,2020,0
GSKY,2020,2022
STSA,2020,2021
CNDT,2020,0
AROW,2020,0
CTSO,2020,2022
AVD,2020,0
CSV,2020,0
ZIXI,2020,2022
PARR,2020,0
CNBKA,2020,2022
CSTE,2020,0
UBA,2020,2024
DJCO,2020,0
HSII,2020,0
PEBO,2020,0
CBTX,2020,2023
CRD.A,2020,0
MCFT,2020,0
RIGL,2020,0
ORGO,2020,0
HIFS,2020,0
LC,2020,0
HIBB,2020,0
RMNI,2020,0
CMCT,2020,2021
IIIV,2020,0
BCEI,2020,2022
OVID,2020,0
BNFT,2020,2024
CIO,2020,0
WTTR,2020,0
TRC,2020,0
OPRT,2020,2023
CATC,2020,0
GPMT,2020,0
FRPH,2020,0
CUBI,2020,0
TSC,2020,2022
CDZI,2020,0
ISEE,2020,2023
WSBF,2020,0
BRY,2020,0
MTW,2020,0
HMHC,2020,2022
DHIL,2020,0
RGP,2020,0
AVID,2020,2024
DSPG,2020,2022
LIND,2020,0
IIIN,2020,0
TPCO,2020,2021
SRG,2020,0
AMOT,2020,2024
AMAL,2020,0
CLAR,2020,0
MNKD,2020,0
IDYA,2020,0
DX,2020,0
VLGEA,2020,0
PLCE,2020,2024
NGVC,2020,0
SENEA,2020,0
FLIC,2020,0
NODK,2020,0
OSMT,2020,2021
ANIP,2020,0
VHC,2020,2022
LAND,2020,0
PROS,2020,2022
NLS,2020,2022
TGI,2020,0
DGII,2020,0
LXFR,2020,0
APTS,2020,2022
ASIX,2020,0
CPSI,2020,0
FCBC,2020,0
MCBS,2020,0
SCVL,2020,0
ORC,2020,0
MBWM,2020,0
VPG,2020,0
MGTA,2020,2022
DSSI,2020,2022
CALA,2020,2021
BYSI,2020,2022
DTIL,2020,2022
HMTV,2020,2022
OOMA,2020,0
CTMX,2020,2022
BLBD,2020,0
APT,2020,2021
SM,2020,2024
REV,2020,2022
WVE,2020,0
SRRK,2020,0
SP,2020,0
KE,2020,0
OLP,2020,0
GTT,2020,2021
LEGH,2020,0
ARLO,2020,0
ALRS,2020,0
GDYN,2020,0
BZH,2020,0
HBT,2020,0
GBLI,2020,2021
HCI,2020,0
ARTNA,2020,2024
SPKE,2020,2022
HRTG,2020,0
AFMD,2020,2023
CRAI,2020,0
HCCI,2020,2024
MPAA,2020,2023
UFPT,2020,0
MLR,2020,0
AAOI,2020,0
MSBI,2020,0
ATEC,2020,0
CSPR,2020,2022
MEIP,2020,2022
WTI,2020,0
FFIC,2020,0
ORBC,2020,2022
UIHC,2020,2024
BTU,2020,0
CCBG,2020,0
ANGO,2020,0
EZPW,2020,2023
CHUY,2020,0
ADMA,2020,0
GBL,2020,2023
TAST,2020,0
MCRB,2020,2024
VERI,2020,2024
CDXC,2020,0
CMBM,2020,2024
VSEC,2020,0
POWL,2020,0
NDLS,2020,2024
GORO,2020,2021
PGC,2020,0
EGAN,2020,0
IBCP,2020,0
FMNB,2020,0
ACRE,2020,0
AKTS,2020,2024
CURO,2020,2023
EVI,2020,0
CNCE,2020,2021
DXPE,2020,0
BHB,2020,0
CONN,2020,2023
NBR,2020,0
LDL,2020,2022
GNTY,2020,0
UTMD,2020,0
WLDN,2020,0
CPLG,2020,2022
DFIN,2020,0
VVI,2020,0
RRBI,2020,0
MOFG,2020,0
SGC,2020,0
STRL,2020,0
CIA,2020,2022
STXS,2020,0
STRO,2020,0
CHMA,2020,2021
CYBE,2020,2023
GNK,2020,0
MNOV,2020,2021
AMTD,2020,2021
SCU,2020,2024
HAFC,2020,0
BFST,2020,0
LE,2020,0
WSR,2020,0
CZNC,2020,0
SNR,2020,2022
MOD,2020,0
SITC,2020,0
LNDC,2020,2023
AOSL,2020,0
INS,2020,2022
OPY,2020,2023
SPRO,2020,2022
ABEO,2020,2021
LAWS,2020,2022
IRMD,2020,0
HEAR,2020,0
CMCL,2020,0
AVXL,2020,0
MGI,2020,2024
BSGM,2020,2021
CCNE,2020,0
DSKE,2020,0
WTBA,2020,0
CNTG,2020,2021
OIS,2020,0
ATRO,2020,0
BSRR,2020,0
BWB,2020,0
RGS,2020,2022
CABA,2020,0
HVT,2020,0
SXC,2020,0
SSTI,2020,0
NVEC,2020,0
PFIS,2020,0
PLYM,2020,0
TELL,2020,2024
EVFM,2020,2021
GME,2020,0
SLCA,2020,0
HOOK,2020,2022
PLSE,2020,0
SPNE,2020,2023
EBTC,2020,0
SI,2020,2023
CLFD,2020,0
HOFT,2020,0
RBB,2020,0
TDW,2020,0
FC,2020,0
SELB,2020,2024
DYAI,2020,2021
CUTR,2020,2024
INFU,2020,0
OSBC,2020,0
MCBC,2020,0
MHH,2020,2021
CLDT,2020,0
CBAY,2020,0
NYMX,2020,2021
RBNC,2020,2022
MCF,2020,2022
NWPX,2020,0
VRTV,2020,2024
MCB,2020,0
RVI,2020,2022
CECE,2020,2022
UTI,2020,0
PLPC,2020,0
IVC,2020,2022
SPFI,2020,0
AMNB,2020,0
TITN,2020,0
DLTH,2020,2024
GDEN,2020,0
FMAO,2020,0
LMNR,2020,0
VALU,2020,0
FISI,2020,0
JNCE,2020,2023
GOGO,2020,0
GWRS,2020,0
CCRN,2020,0
HTBI,2020,0
CAL,2020,0
GLRE,2020,0
RUTH,2020,2024
CASI,2020,2021
FDBC,2020,0
VSTM,2020,0
HAYN,2020,0
RFL,2020,2022
GHL,2020,2022
ALCO,2020,0
AGRX,2020,2021
MOV,2020,0
LIVX,2020,2022
MSON,2020,2022
CSTR,2020,0
KLDO,2020,2022
ALTG,2020,0
NNBR,2020,0
COFS,2020,0
MTRX,2020,0
SCOR,2020,2022
FBIO,2020,2022
GCO,2020,0
PKE,2020,0
UFI,2020,2023
ACBI,2020,2022
FNLC,2020,0
DZSI,2020,2024
NBEV,2020,2022
PBFS,2020,0
ITIC,2020,0
ICAD,2020,2022
ESCA,2020,0
FENC,2020,0
SMBK,2020,0
FPRX,2020,2021
PCYO,2020,0
COKE,2020,0
DMTK,2020,2022
RYI,2020,0
EQBK,2020,0
GWGH,2020,2021
OPRX,2020,0
GNE,2020,0
RLGT,2020,0
CIVB,2020,0
NATH,2020,0
LQDA,2020,0
LXRX,2020,0
OSG,2020,0
HBB,2020,0
TRNS,2020,0
ATOM,2020,2024
MRNS,2020,2024
SCPH,2020,0
TCI,2020,0
SOI,2020,0
STXB,2020,2022
ARAY,2020,0
AMSC,2020,0
JYNT,2020,0
ASPU,2020,2021
LAKE,2020,2021
TBNK,2020,2021
HBCP,2020,0
MLP,2020,0
PRTK,2020,2022
SRT,2020,2022
SBBP,2020,2021
AJX,2020,2022
SMBC,2020,0
VERU,2020,0
BBCP,2020,0
UUUU,2020,0
FNKO,2020,0
FPI,2020,0
CMRX,2020,2023
SIEN,2020,2022
AXTI,2020,2023
NWFL,2020,0
EEX,2020,0
SMMF,2020,0
GCI,2020,0
NCMI,2020,0
ACTG,2020,0
GAIA,2020,2021
ENOB,2020,2023
SPOK,2020,0
SFST,2020,0
ITI,2020,0
FCAP,2020,2021
RGCO,2020,0
LTRPA,2020,2022
DAKT,2020,0
NATR,2020,0
CARE,2020,0
APTX,2020,2021
CWCO,2020,0
HURC,2020,2021
LFVN,2020,2021
RYAM,2020,0
XOMA,2020,0
UEC,2020,0
HT,2020,2024
GCBC,2020,0
CTO,2020,0
NEXT,2020,0
SMSI,2020,2022
IMMR,2020,0
CPS,2020,0
CTRN,2020,0
WEYS,2020,0
ACNB,2020,0
NBSE,2020,2021
NL,2020,0
TLYS,2020,0
HBMD,2020,2022
GRTX,2020,2021
BRG,2020,2023
BRT,2020,0
RDVT,2020,0
AQST,2020,0
EVLO,2020,2022
FCBP,2020,2022
AYTU,2020,2021
KALV,2020,0
GTYH,2020,2023
GENC,2020,0
LUNA,2020,2024
MBII,2020,2022
PFSW,2020,2023
PKOH,2020,0
LQDT,2020,0
TYME,2020,2021
CIX,2020,0
DMRC,2020,0
NR,2020,0
PCSB,2020,2023
TIPT,2020,0
FOSL,2020,2024
TCS,2020,2023
ASPN,2020,0
EXTN,2020,2021
AMRK,2020,0
ATLO,2020,0
TELA,2020,2024
CATB,2020,2021
AUBN,2020,2021
RM,2020,0
IDT,2020,0
RCKY,2020,0
TMST,2020,0
CATO,2020,2024
VRCA,2020,0
FRGI,2020,2024
CVCY,2020,0
SWKH,2020,0
NKSH,2020,0
LCNB,2020,0
PTSI,2020,0
MPB,2020,0
CCB,2020,0
FSBW,2020,0
FONR,2020,2021
XONE,2020,2022
PFBI,2020,2022
APYX,2020,2022
TARA,2020,2021
MVBF,2020,0
VOXX,2020,2024
QUAD,2020,0
CHMI,2020,2021
XGN,2020,2022
STRS,2020,0
NBN,2020,0
CDTX,2020,2021
CFRX,2020,2021
LYTS,2020,0
VNRX,2020,2021
NERV,2020,2021
NC,2020,0
PFHD,2020,2024
CNR,2020,0
MEC,2020,0
ONEW,2020,0
SBT,2020,0
RESN,2020,2021
CEIX,2020,0
PVAC,2020,2022
PDLB,2020,0
MMAC,2020,2021
BELFB,2020,0
BRID,2020,2021
SREV,2020,2021
GALT,2020,0
ORRF,2020,0
FSTR,2020,0
ARL,2020,0
PRTH,2020,0
LCUT,2020,0
PIRS,2020,2021
FLMN,2020,2022
CHS,2020,2024
ELMD,2020,2021
TREC,2020,2021
CBNK,2020,0
VRA,2020,0
NRIM,2020,0
OFED,2020,2021
GNPX,2020,2021
FVE,2020,2021
KVHI,2020,2024
ISTR,2020,0
RMBI,2020,2021
INBK,2020,0
PVBC,2020,0
PWOD,2020,2024
PNRG,2020,0
HROW,2020,0
ETON,2020,2021
FLNT,2020,2022
PCB,2020,0
GNSS,2020,2021
SGA,2020,2021
SOLY,2020,2022
IVAC,2020,2024
NMRD,2020,2021
PKBK,2020,0
SLCT,2020,2021
TSBK,2020,0
AGTC,2020,2021
KIN,2020,2021
GSIT,2020,2021
TH,2020,0
BCBP,2020,0
SLNO,2020,0
EARN,2020,2021
ASC,2020,0
SB,2020,0
IDN,2020,2021
PWFL,2020,0
RRGB,2020,2024
UNTY,2020,0
FVCB,2020,0
XERS,2020,0
CRMD,2020,0
GHM,2020,0
CYCN,2020,2021
FRBK,2020,2023
AVCO,2020,2021
SMED,2020,2022
CKPT,2020,2021
CHMG,2020,0
VERY,2020,2021
OESX,2020,2021
ESSA,2020,0
WNEB,2020,2021
FRBA,2020,0
SLDB,2020,0
LEVL,2020,2021
RMTI,2020,2021
MLSS,2020,2021
BOCH,2020,2021
GPX,2020,2022
FNHC,2020,2021
TCFC,2020,2024
PHAS,2020,2021
FCCY,2020,2021
FBIZ,2020,0
PCTI,2020,2021
ALSK,2020,2021
ODC,2020,0
BPRN,2020,0
BCML,2020,0
CIZN,2020,2021
ELOX,2020,2021
GRTS,2020,2024
ZEUS,2020,0
ICBK,2020,2021
HBIO,2020,0
AGFS,2020,2021
AGS,2020,0
BLPH,2020,2021
SVRA,2020,0
DHX,2020,2024
CNTY,2020,2024
CLPR,2020,2023
ATLC,2020,0
EVBN,2020,2024
SFE,2020,2021
CEMI,2020,2021
CORR,2020,2021
IPI,2020,0
ESQ,2020,0
WLFC,2020,0
FSFG,2020,2021
SIEB,2020,2021
SNFCA,2020,2024
TISI,2020,2022
SHBI,2020,0
FGBI,2020,2023
CVLY,2020,0
BWFG,2020,0
ENZ,2020,2021
VTVT,2020,2021
FNCB,2020,2021
AVEO,2020,2021
BH,2020,0
ELA,2020,2024
ESXB,2020,2021
ULBI,2020,0
MBCN,2020,0
REFR,2020,2021
MYFW,2020,0
CSBR,2020,2021
EVC,2020,0
LJPC,2020,2021
BH.A,2020,2021
RICK,2020,0
EOLS,2020,0
BFIN,2020,2021
HWBK,2020,2021
PLBC,2020,0
MESA,2020,2022
CFFI,2020,2024
MNSB,2020,2024
OCX,2020,2022
CALB,2020,0
FRAF,2020,2021
RVSB,2020,2021
EBMT,2020,2021
UBFO,2020,2021
SAMG,2020,0
PINE,2020,0
OVLY,2020,0
MG,2020,0
SAL,2020,2021
ASUR,2020,0
EML,2020,0
CBAN,2020,0
GDP,2020,2021
HLF,2021,0
LPRO,2021,0
MPLN,2021,2024
SGFY,2021,2023
ALHC,2021,0
ALGM,2021,2023
DOCN,2021,0
DRVN,2021,0
AVNT,2021,0
OCDX,2021,2022
HAYW,2021,0
FROG,2021,2022
CERT,2021,0
ULCC,2021,0
CHK,2021,2022
QDEL,2021,0
JAMF,2021,0
BIGC,2021,0
MSP,2021,2022
ADV,2021,0
MCFE,2021,2022
FSR,2021,2024
SANA,2021,0
AMWL,2021,2024
ADVM,2021,0
PRVA,2021,0
RIOT,2021,0
EBC,2021,0
MARA,2021,0
ZY,2021,2022
ARRY,2021,0
ALKT,2021,0
KLIC,2021,0
RVLV,2021,0
DM,2021,2024
INNV,2021,0
GTBP,2021,2022
GSAT,2021,0
PRG,2021,0
DBRG,2021,0
ACAD,2021,0
BLI,2021,2023
EBS,2021,2024
SEER,2021,2024
CRSR,2021,0
RPHM,2021,2024
RKT,2021,0
PCT,2021,0
SHLS,2021,0
BNL,2021,0
ACCD,2021,0
RLAY,2021,0
SWIM,2021,0
ASO,2021,0
FUBO,2021,0
ALTM,2021,2022
BFLY,2021,2024
DEN,2021,2024
OM,2021,2024
VLDR,2021,2024
MNTV,2021,2024
PTVE,2021,0
ALXO,2021,0
CTOS,2021,0
HYFM,2021,2023
BTRS,2021,2023
OCGN,2021,0
MVIS,2021,0
SUMO,2021,2024
BALY,2021,0
RSI,2021,0
SNCY,2021,0
EMKR,2021,2022
NUVB,2021,0
UTZ,2021,0
EAR,2021,2022
TLS,2021,0
AMTI,2021,2022
CSTM,2021,0
NAPA,2021,0
KYMR,2021,0
GBIO,2021,0
ETWO,2021,0
AEVA,2021,0
AVIR,2021,0
ONTF,2021,0
AVAH,2021,0
MODV,2021,0
OAS,2021,2023
CRC,2021,0
AGTI,2021,0
SAVA,2021,0
CERE,2021,2024
VIEW,2021,2023
PLBY,2021,2023
HYLN,2021,0
CPE,2021,0
APPH,2021,2023
BNGO,2021,2023
OUST,2021,0
LUNG,2021,0
SPNT,2021,0
BCAB,2021,2024
HRMY,2021,0
MAX,2021,0
GIC,2021,0
MNMD,2021,0
STTK,2021,0
WLL,2021,2023
BLNK,2021,0
TMCI,2021,0
NRIX,2021,0
PMVP,2021,2024
TVTX,2021,0
KRON,2021,2023
ALVR,2021,2024
CCCC,2021,0
TTCF,2021,2023
MASS,2021,0
DSGN,2021,0
VINC,2021,2022
AVO,2021,0
VUZI,2021,2024
PAYA,2021,2024
MEG,2021,0
EWTX,2021,0
CGEM,2021,0
PRLD,2021,0
HMPT,2021,2024
GEVO,2021,2024
POLY,2021,2023
ARKO,2021,0
STEP,2021,0
ACRS,2021,2024
FMTX,2021,2023
PRAX,2021,0
PRCH,2021,0
NGMS,2021,2023
GOCO,2021,2022
PLRX,2021,0
CLDX,2021,0
CDEV,2021,2024
MILE,2021,2022
KNTE,2021,2023
CCO,2021,0
HGEN,2021,2022
RMO,2021,2022
SBTX,2021,2022
BRSP,2021,0
OLMA,2021,0
HNST,2021,0
FTCI,2021,2024
SKIN,2021,0
MDXG,2021,0
APR,2021,2022
NKTX,2021,0
AAN,2021,0
VOR,2021,2024
AIV,2021,0
FDMT,2021,0
RADI,2021,2024
DYN,2021,0
CRIS,2021,2022
TRIL,2021,2022
IDEX,2021,2022
XL,2021,2022
VITL,2021,0
REKR,2021,0
PCVX,2021,2024
RXDX,2021,2023
CSR,2021,0
THRY,2021,0
SENS,2021,2023
TIG,2021,2024
HPK,2021,0
RNA,2021,0
NOG,2021,0
LOTZ,2021,2022
TSHA,2021,0
HOV,2021,0
ITOS,2021,0
INBX,2021,0
CURI,2021,2022
NTST,2021,0
ALTA,2021,2022
KDNY,2021,2024
POWW,2021,0
PRTY,2021,2023
BW,2021,2024
ANNX,2021,0
SPRB,2021,2022
VHI,2021,0
CLSK,2021,0
ATHA,2021,2023
KOPN,2021,2022
SKYT,2021,0
TLMD,2021,2022
CTLP,2021,0
GNOG,2021,2022
GATO,2021,2022
ALDX,2021,0
EOSE,2021,2024
AKYA,2021,0
FOA,2021,2024
TWI,2021,0
FNCH,2021,2022
SFT,2021,2022
AUD,2021,2024
TARS,2021,0
BVS,2021,0
ALT,2021,0
REPX,2021,0
PSTX,2021,0
SMMT,2021,0
AMTX,2021,0
GCMG,2021,0
ADN,2021,2022
TERN,2021,0
CLNN,2021,2022
SNEX,2021,0
GNUS,2021,2022
JOAN,2021,2023
ASLE,2021,0
FREE,2021,0
LPI,2021,2023
RCEL,2021,0
ACET,2021,2024
CTXR,2021,2024
FBRX,2021,2022
ASXC,2021,2022
AKUS,2021,2022
GLSI,2021,0
INDT,2021,2024
BXC,2021,0
VTGN,2021,2023
FTHM,2021,2022
YELL,2021,2022
BDSX,2021,2022
TNK,2021,0
CLPT,2021,2024
TALS,2021,2023
SGTX,2021,2022
CDAK,2021,2022
LCTX,2021,0
AHT,2021,2023
NEXI,2021,2022
INZY,2021,0
CSSE,2021,2022
DMS,2021,2022
BMEA,2021,0
NPCE,2021,0
LSEA,2021,0
KIRK,2021,2022
IBEX,2021,0
ANGN,2021,2022
ONCR,2021,2022
BNED,2021,2022
FHTX,2021,0
AQB,2021,2022
VIRX,2021,2022
OTLK,2021,0
BGFV,2021,2024
ALTO,2021,2023
TA,2021,2024
BVH,2021,2024
HOFV,2021,2022
PPTA,2021,0
CRDF,2021,0
AFIB,2021,2022
PAVM,2021,2022
DSP,2021,0
FUV,2021,2022
BYRN,2021,0
LABP,2021,2022
AOUT,2021,2022
AMPE,2021,2022
AVNW,2021,0
CVLG,2021,0
FTSI,2021,2022
ATCX,2021,2024
FORA,2021,2022
FRST,2021,0
INVE,2021,2023
KRT,2021,0
CELC,2021,0
NOTV,2021,2023
CVGI,2021,0
SQZ,2021,2022
DRIO,2021,2022
BSET,2021,2022
GBOX,2021,2022
ABUS,2021,0
COGT,2021,0
FLL,2021,0
PLM,2021,2024
LSF,2021,2022
MDCA,2021,2022
TK,2021,0
IEA,2021,2023
MHLD,2021,0
ORMP,2021,2022
SURF,2021,2022
TTI,2021,0
RRD,2021,2022
ALPN,2021,0
BHR,2021,0
ESTE,2021,2024
TLIS,2021,2022
LEU,2021,0
BEEM,2021,2022
AFCG,2021,0
EYPT,2021,0
NMTR,2021,2022
CSLT,2021,2022
KRUS,2021,0
FLXS,2021,0
BRBS,2021,2024
INFI,2021,2022
FSBC,2021,0
STKS,2021,0
STON,2021,2023
HOWL,2021,0
KMPH,2021,2022
ATOS,2021,0
OCN,2021,0
HYRE,2021,2022
STIM,2021,2022
LAZY,2021,2024
MRLN,2021,2022
PSTL,2021,0
HQI,2021,0
EBET,2021,2022
GMTX,2021,2022
URG,2021,0
IMPL,2021,2022
VEL,2021,0
PZN,2021,2023
NKLA,2021,2023
DS,2021,2022
CIVI,2022,2023
JHG,2022,0
IAA,2022,2023
IPGP,2022,0
LEG,2022,0
SSRM,2022,0
BWXT,2022,2023
TNL,2022,0
MCW,2022,0
SRCL,2022,0
SAM,2022,0
PRGO,2022,0
HTA,2022,2023
ALIT,2022,0
VXRT,2022,2023
AYX,2022,0
PECO,2022,0
WIX,2022,2023
LAZR,2022,0
KNBE,2022,2024
PYCR,2022,0
AMBP,2022,0
NARI,2022,0
WEN,2022,0
ATUS,2022,2023
THO,2022,2024
OPEN,2022,0
AMED,2022,0
ZD,2022,0
NCNO,2022,0
RYAN,2022,2024
VNT,2022,2024
OSH,2022,2023
BL,2022,0
VSCO,2022,0
ZWS,2022,2024
ACT,2022,0
VAL,2022,0
CHGG,2022,0
JXN,2022,2024
LESL,2022,0
DV,2022,0
NVAX,2022,0
ENOV,2022,0
MRTX,2022,0
RKLB,2022,0
ESMT,2022,0
DUOL,2022,2023
CVT,2022,2024
UWMC,2022,2023
FLYW,2022,0
AZEK,2022,2024
BMBL,2022,0
INSG,2022,2023
JOBY,2022,0
OLLI,2022,0
SG,2022,0
QTWO,2022,0
FIGS,2022,0
KMPR,2022,0
STNE,2022,0
AMR,2022,0
LZ,2022,0
WLY,2022,0
ESAB,2022,2024
SQSP,2022,0
LTH,2022,0
BFH,2022,0
COUR,2022,0
VIR,2022,0
ZIP,2022,0
KD,2022,0
WRBY,2022,0
CRGY,2022,0
FA,2022,0
INST,2022,0
WEBR,2022,2024
CANO,2022,2024
GOGL,2022,0
DSEY,2022,2024
EQRX,2022,2024
STER,2022,0
EVCM,2022,0
YOU,2022,0
CMTG,2022,0
MLKN,2022,0
LFST,2022,0
BRCC,2022,0
DH,2022,0
BYND,2022,0
ZGN,2022,2023
COMP,2022,0
TSP,2022,0
WFRD,2022,2024
PWSC,2022,0
STR,2022,0
HLMN,2022,0
NE,2022,2023
ABCL,2022,2023
DNUT,2022,0
CYXT,2022,2023
DCT,2022,2024
ACVA,2022,0
RXT,2022,0
IVT,2022,0
PSFE,2022,0
STGW,2022,0
SLVM,2022,0
VCTR,2022,0
GPOR,2022,0
AMPL,2022,0
SPCE,2022,0
BBUC,2022,0
LXU,2022,0
ZETA,2022,0
FSLY,2022,0
NRGV,2022,0
RELY,2022,0
IAS,2022,0
NABL,2022,0
PRM,2022,0
BOWL,2022,2024
AI,2022,0
LAW,2022,0
EMBC,2022,0
CELU,2022,2023
OLO,2022,0
XPRO,2022,0
VMEO,2022,0
AVDX,2022,0
MTTR,2022,0
DFH,2022,0
VRE,2022,0
MNTK,2022,0
PRCT,2022,0
OSCR,2022,0
INTA,2022,0
IONQ,2022,0
PTRA,2022,2024
XMTR,2022,0
CODI,2022,0
UDMY,2022,0
SOVO,2022,0
FLNG,2022,0
MVST,2022,2024
ENFN,2022,0
AUPH,2022,0
IBRX,2022,2024
PAYO,2022,0
MIR,2022,0
SLDP,2022,0
KNTK,2022,0
VZIO,2022,0
ECVT,2022,0
JBI,2022,0
STRY,2022,2023
ENVX,2022,0
HRT,2022,0
ME,2022,2024
PL,2022,0
FNA,2022,0
XPOF,2022,0
OPAD,2022,0
MLNK,2022,0
LMND,2022,0
ATER,2022,2023
CLOV,2022,2023
MGNI,2022,0
HOUS,2022,0
CRGE,2022,2024
CTKB,2022,0
LWLG,2022,0
PUBM,2022,0
HLLY,2022,0
PLL,2022,0
ADPT,2022,0
SLGC,2022,2024
ROVR,2022,0
SRRA,2022,2023
WISH,2022,0
BHG,2022,2023
USER,2022,2023
ACHR,2022,0
LICY,2022,2024
NIC,2022,0
RFP,2022,2024
RXRX,2022,0
HIPO,2022,0
CCSI,2022,0
EWCZ,2022,0
FBRT,2022,0
GRNA,2022,2023
BLND,2022,0
RTL,2022,2024
ACMR,2022,0
HLTH,2022,2023
CRDO,2022,0
SOND,2022,2023
SHCR,2022,2024
SMRT,2022,0
FATH,2022,2023
CBL,2022,0
CINC,2022,2024
CDRE,2022,0
AVPT,2022,0
SMR,2022,0
SNPO,2022,0
ORGN,2022,2024
AMPS,2022,0
ERAS,2022,0
POSH,2022,2023
HIMS,2022,0
GWH,2022,2024
MYPS,2022,0
FXLV,2022,2023
SKLZ,2022,2023
FFIE,2022,2023
PTLO,2022,0
DCGO,2022,0
INDI,2022,0
ADTH,2022,2023
RGTI,2022,0
DO,2022,0
SEAT,2022,0
AORT,2022,0
DSGR,2022,0
BOXD,2022,2023
FWRG,2022,0
PNT,2022,2024
CTV,2022,0
ONL,2022,0
DICE,2022,2024
BIRD,2022,2024
BASE,2022,0
CIFR,2022,0
VTYX,2022,0
HLGN,2022,2023
HUMA,2022,0
VERV,2022,0
SKIL,2022,2024
VLD,2022,2024
COOK,2022,0
METC,2022,0
IPSC,2022,0
STRC,2022,2023
EE,2022,0
SD,2022,0
MKTW,2022,0
ROCC,2022,2024
NRDS,2022,0
TDUP,2022,0
LLAP,2022,0
TNGX,2022,0
SBOW,2022,0
VTNR,2022,2024
NN,2022,0
VWE,2022,2023
FCUV,2022,2023
CURV,2022,0
EVGO,2022,0
LOCL,2022,2023
BOC,2022,0
BLDE,2022,0
QSI,2022,0
DOMA,2022,2023
COCO,2022,0
ETD,2022,0
RSVR,2022,0
RBOT,2022,2024
STKL,2022,0
BORR,2022,0
ZIMV,2022,0
REI,2022,0
AIRS,2022,0
NAUT,2022,0
TOI,2022,2023
BBLN,2022,2024
BGRY,2022,2024
CMAX,2022,2024
MXCT,2022,0
CTIC,2022,2023
IMGO,2022,2023
PWP,2022,0
BARK,2022,0
VERA,2022,0
ABSI,2022,0
NREF,2022,0
AMLX,2022,2024
DAWN,2022,0
TSVT,2022,0
OB,2022,0
FLNC,2022,0
GLUE,2022,0
HLVX,2022,0
MAPS,2022,0
NUVL,2022,0
AURA,2022,0
ML,2022,0
ROOT,2022,0
EP,2022,0
XOS,2022,2023
NNOX,2022,0
LFLY,2022,2023
LTCH,2022,2023
DOUG,2022,2024
CPTN,2022,2023
AKA,2022,0
CRBU,2022,0
UONEK,2022,2024
UONE,2022,2024
RIDE,2022,2023
PRDS,2022,2023
OWLT,2022,2023
KORE,2022,2023
JANX,2022,0
RENT,2022,2024
ACLX,2022,0
AOMR,2022,0
WULF,2022,0
VIA,2022,2023
EGY,2022,0
VRDN,2022,0
TGAN,2022,0
TNYA,2022,0
AIP,2022,0
RDW,2022,0
DTC,2022,0
RKLY,2022,2023
GLS,2022,2023
CNVY,2022,2023
ARIS,2022,0
CENN,2022,2023
ZEV,2022,2023
THRN,2022,2024
SUNL,2022,2023
VLTA,2022,2023
ATIP,2022,2023
ONDS,2022,2023
SLQT,2022,0
RXST,2022,0
SGHT,2022,0
BLFY,2022,0
DXLG,2022,0
RMBL,2022,0
TCBX,2022,0
NRDY,2022,0
JMSB,2022,0
ISPO,2022,2023
TKNO,2022,2023
LYLT,2022,2023
EVLV,2022,0
REFI,2022,0
THRX,2022,0
TYRA,2022,0
AVTE,2022,0
III,2022,0
ADGI,2022,2023
WEAV,2022,0
BATL,2022,2023
AADI,2022,2024
RLYB,2022,2024
TTSH,2022,0
HDSN,2022,0
ANTX,2022,2023
IRNT,2022,2023
LVOX,2022,2024
DC,2022,0
GAMB,2022,0
BBW,2022,0
OMIC,2022,2023
DIBS,2022,0
ICVX,2022,0
CMLS,2022,2023
MN,2022,2023
HYMC,2022,2023
USCB,2022,0
WEJO,2022,2023
GREE,2022,2023
APLD,2022,0
AMPY,2022,0
KLR,2022,2023
INSE,2022,0
CPSS,2022,0
SPIR,2022,0
NETI,2022,2024
EXPR,2022,2023
CMPO,2022,0
AREN,2022,2023
TNON,2022,2023
PEPG,2022,0
CNXC,2023,0
S,2023,2024
DNB,2023,0
DTM,2023,2024
COHR,2023,2024
DISH,2023,2024
FIVN,2023,0
ELAN,2023,2024
SHC,2023,0
GTLB,2023,2024
OCEA,2023,2024
NWL,2023,0
BFAM,2023,2024
TDOC,2023,0
INFA,2023,2024
CNM,2023,2024
COLB,2023,0
CABO,2023,0
FEAM,2023,2024
WU,2023,0
SYNH,2023,2024
LYFT,2023,2024
DRS,2023,2024
ZION,2023,2024
SMG,2023,0
FRSH,2023,2024
MP,2023,0
CIM,2023,0
PLTK,2023,0
LNC,2023,0
IAC,2023,0
W,2023,2024
ASAN,2023,0
MRVI,2023,0
KRC,2023,0
LITE,2023,0
PTON,2023,0
CXM,2023,0
VIRT,2023,0
PAGS,2023,0
INMD,2023,0
FWONA,2023,0
AFRM,2023,2024
QS,2023,0
SDRL,2023,0
SST,2023,0
BRZE,2023,0
BIVI,2023,2024
VNO,2023,0
FTAI,2023,2024
AZTA,2023,0
RNG,2023,0
WOOF,2023,0
TNDM,2023,0
IKNA,2023,2024
GLT,2023,2024
GH,2023,0
OLPX,2023,0
LUMN,2023,0
TPG,2023,0
DNA,2023,2024
PAX,2023,0
DFLI,2023,2024
EVEX,2023,0
MQ,2023,0
DEI,2023,0
CRCT,2023,0
WKHS,2023,2024
TWKS,2023,0
SGHC,2023,0
AUR,2023,0
LVWR,2023,0
PROK,2023,0
EVA,2023,2024
TIO,2023,2024
SEMR,2023,0
MAXN,2023,2024
PX,2023,0
DOLE,2023,0
GRND,2023,0
UPST,2023,0
AESI,2023,0
CLB,2023,0
WALD,2023,0
SPWR,2023,2024
TARO,2023,0
BHVN,2023,0
WEST,2023,0
NVTS,2023,0
ELVN,2023,0
AMPX,2023,0
GRNT,2023,0
PKST,2023,0
KIND,2023,0
ASTS,2023,0
IRON,2023,0
AEHR,2023,0
CVNA,2023,2024
MOND,2023,0
UHG,2023,0
IAUX,2023,0
LNZA,2023,0
FRC,2023,2024
GNLX,2023,2024
EXFY,2023,2024
SPRY,2023,0
BHRB,2023,0
ALTI,2023,0
SOUN,2023,0
ZYME,2023,0
SES,2023,0
GRPH,2023,0
OBIO,2023,0
PMTS,2023,0
ISPR,2023,0
OMGA,2023,2024
BBAI,2023,0
TRDA,2023,0
CECO,2023,0
CMPX,2023,0
NXDT,2023,0
ATXS,2023,0
SCWO,2023,0
BWMN,2023,0
CZFS,2023,0
GBTG,2023,0
VIGL,2023,2024
TRVI,2023,0
SMTI,2023,0
ASRT,2023,2024
FIP,2023,0
PBPB,2023,0
SKYX,2023,2024
IMRX,2023,2024
AFRI,2023,0
NEWT,2023,0
EU,2023,0
RNGR,2023,0
VAXX,2023,2024
LPTV,2023,2024
PANL,2023,0
BGXX,2023,2024
JILL,2023,0
CVRX,2023,0
HNRG,2023,0
HSHP,2023,0
KLTR,2023,0
QIPT,2023,0
PFMT,2023,0
ATNM,2023,0
NOTE,2023,0
NVCT,2023,2024
SMHI,2023,0
JAKK,2023,0
FET,2023,0
CTGO,2023,0
BSVN,2023,0
RELL,2023,0
VATE,2023,2024
CCRD,2023,2024
KFS,2023,0
FRGE,2023,0
INTT,2023,2024
EPM,2023,0
SMFR,2023,0
LRMR,2023,0
ZURA,2023,0
CLMB,2023,0
BHIL,2023,2024
PLX,2023,2024
SSBK,2023,0
NECB,2023,0
NB,2023,2024
PDSB,2023,2024
INOD,2023,0
SMLR,2023,0
CXAI,2023,2024
MACK,2023,0
ZVRA,2023,0
LMB,2023,0
LINC,2023,0
LBPH,2023,0
PRST,2023,2024
TUSK,2023,0
ZVIA,2023,2024
VABK,2023,0
CARM,2023,2024
CMT,2023,0
TSQ,2023,0
BTBT,2023,0
KLXE,2023,2024
FCCO,2023,2024
BKSY,2023,0
BTMD,2023,0
BKKT,2023,2024
DJT,2024,0
PII,2024,0
VFC,2024,0
OGN,2024,0
COLM,2024,0
EEFT,2024,0
CLVT,2024,0
LOAR,2024,0
SEE,2024,0
RH,2024,0
DOCS,2024,0
VERX,2024,0
AAP,2024,0
GOEV,2024,0
PACS,2024,0
TXG,2024,0
VNOM,2024,0
CWAN,2024,0
WOLF,2024,0
BUR,2024,0
LBTYK,2024,0
LBTYA,2024,0
IBTA,2024,0
MPW,2024,0
TGLS,2024,0
AGL,2024,0
CTRI,2024,0
WNS,2024,0
AHR,2024,0
ARHS,2024,0
AVDL,2024,0
SYRE,2024,0
GETY,2024,0
HTZ,2024,0
NVCR,2024,0
GCT,2024,0
GYRE,2024,0
DBD,2024,0
CATX,2024,0
DESP,2024,0
LUNR,2024,0
LAB,2024,0
TCRX,2024,0
IMNM,2024,0
NPWR,2024,0
DNTH,2024,0
BELFA,2024,0
HUT,2024,0
REAX,2024,0
PGY,2024,0
MTAL,2024,0
DEC,2024,0
KYTX,2024,0
AILE,2024,0
SOC,2024,0
NBBK,2024,0
NGNE,2024,0
LZM,2024,0
DAVE,2024,0
CORZ,2024,0
TALK,2024,0
KRRO,2024,0
SKYE,2024,0
WGS,2024,0
SMXT,2024,0
LFMD,2024,0
GMGI,2024,0
ADCT,2024,0
ANRO,2024,0
SNDA,2024,0
CTNM,2024,0
SERA,2024,0
TRML,2024,0
CBUS,2024,0
JSPR,2024,0
BLZE,2024,0
GUTS,2024,0
INO,2024,0
FBLG,2024,0
LWAY,2024,0
TRAK,2024,0
SEZL,2024,0
RDZN,2024,0
NGS,2024,0
PYXS,2024,0
MGX,2024,0
ARQ,2024,0
BCAL,2024,0
AGEN,2024,0
LNKB,2024,0
IVVD,2024,0
USAP,2024,0
QBTS,2024,0
ORN,2024,0
FREY,2024,0
SKYH,2024,0
TWIN,2024,0
BOLD,2024,0
MAMA,2024,0
QUIK,2024,0
ELYM,2024,0
INMB,2024,0
CRVO,2024,0
ELEV,2024,0
GCTS,2024,0
QRHC,2024,0
CADL,2024,0
ALIM,2024,0
TELO,2024,0
LFCR,2024,0
SBNY,2024,0
ABOS,2024,0
SMID,2024,0
BAER,2024,0
FFNW,2024,0
SEVN,2024,0
AEYE,2024,0
STI,2024,0
VTSI,2024,0
VIRC,2024,0
MDWD,2024,0
DTI,2024,0
AISP,2024,0
PROP,2024,0
CAPR,2024,0
PESI,2024,0
LVO,2024,0
NTIC,2024,0
MFIN,2024,0
TVGN,2024,0
MITT,2024,0
GEOS,2024,0
RENB,2024,0
MRAM,2024,0
PEBK,2024,0
TAYD,2024,0
DLHC,2024,0
ACHV,2024,0
ASPI,2024,0
RGLS,2024,0
LTRPB,2024,0
OBT,2024,0
VCSA,2024,0
